time,v1,v2,v3
1,166.6,725.42,964.84
2,986.52,997.89,771.88
3,338.9,350.43,378.08
4,258.97,769.72,401.19
5,300.29,62.16,3.29
6,905.32,653.35,75.23
7,385.35,168.09,235.16
8,899.69,960.05,238.72
9,601.93,878.23,657.11
10,531.86,538.83,462.47
11,939.85,777.03,137.05
12,941.27,41.31,650.92
13,625.57,458.59,584.5
14,801.25,666.72,493.98
15,263.19,359.93,950.19
16,650.17,295.13,745.78
17,839.21,610.89,535.77
18,736.77,324.24,763.22
19,778.77,732.5,820.44
20,679.15,714.2,648.12
21,408.66,751.1,91.68
22,629.99,208.03,378.07
23,196.58,898.03,652.94
24,243.55,779.05,76.9
25,949.98,345.21,668.58
26,222.38,271.47,949.94
27,739.52,569.07,856.01
28,985.44,946.59,271.27
29,679.6,432.54,55.12
30,938.12,910.46,893.53
31,270.14,299.76,827.42
32,270.66,949.8,579.62
33,129.65,544.47,903.01
34,849.55,706.4,998.67
35,383.97,935.29,68.56
36,132.64,516.42,47.55
37,191.88,986.57,920.57
38,794.94,268.02,493.42
39,176.81,790.1,638.19
40,122.74,601.42,251.87
41,535.43,677.87,564.24
42,589.64,919.98,371.34
43,285.92,40.89,963.53
44,763.58,490.57,128.91
45,120.47,560.69,966.04
46,238.2,278.08,144.08
47,554.22,625.36,976.55
48,484.07,710.72,794.56
49,149.41,420.12,994.4
50,175.32,603.32,787.56
51,7.18,429.07,159.08
52,403.84,671.11,268
53,76.18,597.67,361.32
54,659.55,513.77,336.25
55,202.44,215.71,925.05
56,897.31,769.79,494.85
57,452.19,244.52,347.13
58,949.23,751.5,474.12
59,962.81,329.36,188.97
60,132.68,5.73,462.87
61,956.85,303.36,483.16
62,738.53,382.66,744.6
63,160.3,49.43,540.68
64,452.12,430.19,269.53
65,901.82,665,354.11
66,672.52,936.69,157.59
67,646.33,201.94,838.55
68,557.24,652.99,231.48
69,610.31,811.24,746.48
70,152.08,247.54,527.44
71,489.86,126.68,148.72
72,15.04,880.22,407.07
73,890.7,410.15,129.98
74,62.65,941.09,971.87
75,841.39,15.11,652.4
76,571.85,796.33,547.7
77,187.02,226.95,388.99
78,963.55,673.11,44.47
79,739.38,877.4,388.4
80,58.06,203.8,956.3
81,828.29,6.54,132.75
82,796.62,315.1,782.48
83,10.83,356.22,354.62
84,972.19,420.95,352.6
85,753.32,739.23,191.96
86,69.61,111.26,796.02
87,449.75,225.48,162.79
88,499.38,264.28,225.24
89,103.21,382.45,300.41
90,589.9,706.57,929.51
91,868.03,946.49,207.63
92,30.15,964.06,928.08
93,947.18,586.64,912.15
94,452.66,727.21,649.98
95,384.38,892.99,454.1
96,354.26,434.41,708.97
97,790.59,909.58,565.73
98,918.31,434.78,139.55
99,253.07,593.39,328.39
100,330.42,180.19,468.92
101,372.64,78.29,263.76
102,882.14,385.97,707.99
103,518.84,495.21,352.56
104,631.21,161.05,347.31
105,347.68,950.79,789.04
106,483.5,561.82,9.12
107,176.34,810.48,469.3
108,727.78,374.97,455.83
109,605.87,839.68,535.55
110,954.83,191.68,281.13
111,473.97,386.92,323.92
112,488.69,6.26,614.24
113,190.64,353.4,3.57
114,742.34,830.74,899.61
115,146.73,784.02,556.88
116,4.13,723.53,32.73
117,333.16,842.57,572.91
118,633.81,192.64,595.76
119,984.63,251.4,665.28
120,650.54,770.79,565.17
121,934.47,443.71,864.59
122,131.48,663.49,87.78
123,623.19,285.14,522.95
124,939.23,407.01,727.61
125,72.78,939.28,47.94
126,268.5,102.65,603.41
127,627.98,747.78,134.53
128,471.73,349.34,872.55
129,662.31,325.3,196.77
130,878.9,481.79,825.82
131,372.35,635.47,768.87
132,646.43,768.31,534.88
133,522.47,85.31,281.81
134,737.49,745.31,636.04
135,2.39,603.76,570.01
136,68.83,303.52,398.91
137,273.71,710.59,596.02
138,691.34,850.49,269.54
139,600,430.72,308.97
140,849.48,258.56,661.76
141,762.54,314,4.19
142,535.65,517.73,144.92
143,978.29,12.42,451.82
144,198.08,144.98,512.84
145,315.95,138.56,776.45
146,574.42,481.28,579.52
147,193.55,210.71,354.38
148,837.58,490.63,843.95
149,799.97,333.67,721.89
150,483.49,475.77,144.94
151,265.03,417.14,194.36
152,566.28,553.43,63.9
153,66.1,369.82,198.98
154,88.51,131.64,139.87
155,759.58,65.93,370.41
156,993.73,81.82,85.7
157,408.64,715.42,584.2
158,768.66,29.06,301.98
159,147.76,837.65,882.54
160,494.83,893.17,626.61
161,623.37,967.97,829.26
162,295.25,401.4,190.56
163,279.33,192.64,383.69
164,35.71,698.19,855.2
165,351.15,503.82,992.7
166,787.78,120.97,825.18
167,964.13,966.12,774.97
168,84.68,449.8,890.97
169,596.23,453.3,226.21
170,816.08,448.67,992.32
171,127.08,860.22,279.27
172,315.97,567.32,119.16
173,134.85,898.52,838.91
174,914.88,934.16,291.94
175,430.44,666.65,319.1
176,984.32,911.98,45.8
177,189.05,552.89,159.89
178,359.12,348.58,420.07
179,884.26,198.76,968.66
180,550.89,285.54,184.48
181,140.59,432,710.74
182,63.81,542.17,355.71
183,497.03,948.34,689.53
184,896.67,568.12,541.57
185,109.21,304.59,375.93
186,103.91,26.48,889.92
187,504.49,558.27,367.4
188,273.29,86.17,662.83
189,516.73,450.04,655.17
190,25.2,458.43,275.5
191,895.4,428.9,373.11
192,301.03,846.96,376.44
193,866.33,254.77,588.05
194,436.37,327.22,213.63
195,704.06,89.68,789.19
196,649.37,871.37,454.79
197,661.38,821.64,628.94
198,423.18,366.79,952.96
199,288.2,140.78,536.56
200,901.55,455.14,83.84
201,581.81,453.73,398.65
202,931.18,482.71,543.03
203,835.22,388.85,683.27
204,693.13,50.87,838.55
205,940.5,284.23,733.85
206,908.56,218.47,655.98
207,80.7,210.3,658.44
208,279.27,126.12,154.1
209,296.35,355.05,712.55
210,484.2,92.49,54.53
211,791.62,669.01,350.08
212,885.01,102.04,277.93
213,149.84,845.27,593.2
214,980.83,615.93,566.96
215,115.07,237.65,542.12
216,423.5,763.36,887.78
217,91.31,144.42,538.82
218,119.82,889.09,429.43
219,305.32,843.25,771.62
220,200.95,39.27,985.64
221,215.95,768.44,285.78
222,503.16,459.47,619.83
223,290.42,455.44,962.45
224,995.62,324.51,732.72
225,302.13,710.71,80.95
226,689.01,122.27,924.98
227,625.86,235.49,465.24
228,893.21,50.8,279.73
229,933.88,66.91,736.39
230,853.65,909.4,668.45
231,646.25,843.06,874.55
232,599.57,634.74,423.97
233,784.39,806.69,550.45
234,529.78,169.49,649.46
235,247.13,687.07,917.88
236,757.78,754.6,476.98
237,51.55,499.58,85.97
238,459.09,495.96,396.91
239,164.17,495.25,121.7
240,275.63,723.3,138.53
241,387.61,810.39,628.22
242,881.63,357.88,194.11
243,145.04,151.46,878.14
244,803.18,246.03,337.11
245,186.07,597.46,748.76
246,318.73,399.04,896.74
247,421.31,882.18,338.4
248,707.12,618.17,354.62
249,113.43,241.54,503.04
250,276.87,688.8,366.63
251,733.1,421.35,811.7
252,61.69,870.26,105.21
253,447.54,360.46,557.5
254,20.74,594.32,65.69
255,665.36,208.93,817.8
256,694.16,897.02,248.2
257,516.1,257.66,374.77
258,773.98,235.26,560.8
259,29.83,275.96,768.12
260,426.68,650.11,943.26
261,398.55,14.97,603.73
262,541.05,138.5,762.6
263,725.03,308.45,107.35
264,161.97,27.76,642.92
265,627.91,106.28,227.59
266,263.02,87.35,413.33
267,308.57,168.99,870.34
268,761.6,82.73,145.72
269,459.29,397.61,478.38
270,347.95,769.28,354.15
271,838.07,615.93,444.32
272,478.55,152.74,25.15
273,760.93,15.22,153.28
274,953.88,678.12,780.98
275,239.68,626.91,721.02
276,103.42,813.83,889.73
277,237.57,507.17,988.76
278,129.4,415.9,141.39
279,387.36,673.02,599.41
280,25.23,655.37,596.87
281,415.14,308.41,83.24
282,768.39,107.26,247.51
283,695.45,783.97,84.22
284,125.59,596.81,158.28
285,116.57,325.48,836.29
286,505.62,27.7,293.11
287,491.79,967.38,925.62
288,409.99,870.02,849.68
289,885.42,214,719.93
290,241.66,262.54,39.11
291,855.45,300.14,936.97
292,456.46,352.28,255.57
293,901.24,7.4,690.83
294,708.56,812.21,825.19
295,529.53,479.55,702.74
296,844.44,101.94,369.51
297,549.41,315.33,965.83
298,86.12,494.19,506.63
299,839.32,677.55,491.13
300,59.74,154.37,51.58
301,6.08,670.73,87.59
302,738.03,800.57,753.61
303,283.54,891.93,260.68
304,553.6,218.59,323.34
305,813.98,248.15,987.5
306,54.85,682.91,640.89
307,612.36,59.74,198.35
308,477.14,702.93,56.27
309,616.6,62.16,567.68
310,449.78,204.9,226.21
311,433.47,361.51,141.57
312,854.91,795.57,553.85
313,92.4,422.9,220.62
314,71.43,879.08,28.75
315,742.66,409.52,273.92
316,252.89,456.52,316.13
317,433.6,384.58,840.97
318,606.82,990.03,407.38
319,221.39,180.53,515.71
320,780.46,158.52,456.45
321,559.7,313.71,851.25
322,109.79,758.66,355.72
323,327.65,63.17,812.46
324,532.07,469.82,360.76
325,106.34,180.24,610.99
326,574.61,992.73,79.65
327,117.96,597.21,695.17
328,502.65,318.47,994.48
329,854.04,661.88,380.05
330,345.34,930.89,216.29
331,278.35,965.92,963.87
332,584.99,531.33,309.41
333,50.45,800.59,920.54
334,209.44,617.48,121.54
335,630.08,495,304.17
336,95.95,195.76,163.26
337,542.77,141.54,234.96
338,348.93,933.47,352.63
339,362.3,307.5,206.92
340,14.3,360.5,454.62
341,412.03,3.36,82.88
342,723.18,524.51,301.79
343,881.99,906.48,258.71
344,19.46,681.32,608.14
345,874.34,414.13,777.86
346,714.89,145.48,392.94
347,402.39,268.61,356.86
348,534.85,638.38,780.94
349,762.24,223.2,980.84
350,198.67,8.2,925.82
351,892.87,706.19,746.43
352,108.37,935.95,392.43
353,18.58,802.46,74.25
354,964.85,979.93,461.44
355,751.68,713.54,729.6
356,826.11,575.92,681.65
357,548.7,75.56,637.47
358,428.14,383.06,617.65
359,932.74,985.85,909.36
360,845.81,452.17,467.26
361,850.49,557.23,892.14
362,901.06,826.9,841.1
363,944.23,861.11,261.1
364,236.42,733.61,178.78
365,496.34,498.62,775.44
366,456.62,609.82,580.53
367,39.64,206.78,696.2
368,446.86,290.62,568.69
369,214.67,241.87,299.36
370,521.12,856.85,962.63
371,879.4,909.1,458.11
372,875.56,584.32,675.56
373,532.01,368.54,154.06
374,492.27,716.04,293.25
375,871.59,464.05,583.96
376,886.99,437.74,693.41
377,826.26,78.69,752.34
378,646.33,631.57,289.11
379,341.96,469.85,253.97
380,661.41,803.41,453.18
381,65.41,748.16,728.99
382,938.2,693.41,761.71
383,996.12,532.06,770.83
384,663.3,147.8,736.25
385,585.1,452.41,179.34
386,247.6,498.05,473.71
387,189.99,859.84,31.07
388,660.47,653.23,616.34
389,1.1,903.89,267.91
390,293.7,660.38,279.92
391,779.08,721.02,23.27
392,797.19,923.45,785.32
393,950.92,562.67,609.93
394,195.18,143.82,574.17
395,784.47,160.63,661.16
396,577.45,33,921.74
397,791.59,600.66,209.97
398,930.6,778.73,974.61
399,526.85,987.56,130.16
400,97.65,352.31,690.96
401,200.41,142.42,144.85
402,773.69,628.03,575.66
403,554.54,600.16,477.73
404,585.24,239.25,743.95
405,470.89,59.87,326.49
406,612.59,651.95,431.78
407,572.91,151.3,764.89
408,704.32,85.15,152.94
409,233.67,86.42,723.86
410,790.2,50.09,25.76
411,535.44,143.3,434.51
412,847.33,202.32,120.11
413,889.48,318.84,428.76
414,911.85,642.26,21.95
415,862.05,470.03,597.73
416,620.12,555.37,452.73
417,195.98,36.33,682
418,91.63,95.96,558.5
419,572.86,752.18,489.78
420,973.8,200.22,163.31
421,73.35,743.54,216.56
422,962.89,577.07,91.47
423,153.85,431.55,262.53
424,170.72,624.49,621.48
425,936.86,752.72,851.9
426,380.32,900.28,272.57
427,292.03,591.11,219.47
428,809.9,234.91,946.49
429,949.01,550.66,521.25
430,60.36,786.17,862.52
431,464.45,77.99,657
432,674.8,901.72,14.94
433,454.75,654.79,428.59
434,483.43,481.98,166.28
435,594.96,841.32,494.72
436,672.66,672.3,718.8
437,554.29,402.32,641.8
438,540.91,770.11,636.85
439,944.36,905,63.37
440,862.14,828.95,335.91
441,231.57,20.45,687.83
442,454.2,836.28,508.93
443,25.63,816.46,987.83
444,651.2,146.96,86.58
445,65.01,821.98,12.7
446,542.63,823.93,455.58
447,181.26,865.9,869.35
448,733.44,873.48,212.75
449,125.06,139.88,752.8
450,167.56,511.99,213.99
451,211.83,135.99,393.69
452,937.42,179.36,316.01
453,691.83,556.28,401
454,157.44,520.29,884.37
455,764.76,157.21,435.36
456,803.9,258.76,616.87
457,57.43,465.63,679.23
458,311.07,440.09,840.34
459,629.78,564.14,921.55
460,416.9,927.08,170.55
461,906.45,604.04,932.44
462,158.51,240.04,405.85
463,281.42,905.42,872.61
464,231.5,735.83,343.47
465,464.85,913.86,889.26
466,93.03,669.01,928.07
467,80.7,624.51,2.78
468,512.86,908.58,621.82
469,131.85,849.8,835.37
470,743.53,957.14,73.27
471,824.59,176.83,27.5
472,604.24,366.42,99.31
473,758.86,764.56,256.11
474,827.87,382.48,336.49
475,966.85,868.64,524.1
476,288.2,348.05,611.91
477,498.33,550.56,227.06
478,110.83,844.56,354.58
479,246.28,918.43,215.29
480,658.91,419.62,397.91
481,534.93,790.59,145.56
482,223.67,745.41,240.67
483,40.45,928.66,193.23
484,405.23,121.26,737.58
485,663.51,221.9,205.83
486,402.02,319.31,540.68
487,460.74,982.67,887.82
488,612.34,743.66,615.27
489,307.37,116.21,590.76
490,110.78,655.02,331.12
491,968.5,347.6,381.79
492,813.03,804.04,492.77
493,136.64,394.73,319.4
494,375.52,191.3,409.63
495,625.74,527.72,911.35
496,683.79,544.41,565.59
497,359.38,724.22,686.56
498,425.02,968.42,836.75
499,845.95,923.46,333.89
500,587.96,851.73,146.95
501,133.44,51.74,426.16
502,95.71,507.77,621.7
503,937.75,274.42,621.7
504,585.82,653.77,813
505,842.35,234.07,704.98
506,568.06,594.24,983.02
507,89.73,964.1,761.06
508,227.96,891.31,252.41
509,547.77,257.7,908.28
510,989.29,710.55,895.72
511,306.35,862.93,149.8
512,850.26,736.69,120.74
513,272.86,543.6,281.38
514,951.72,122.81,446.18
515,53.03,830.22,264.31
516,900.44,303.76,91.83
517,528.55,507.04,282.75
518,268.87,298.3,828.77
519,707.03,220.64,313.47
520,342.19,197.75,262.76
521,829.28,101.51,191.62
522,464.8,837.89,872.54
523,240.17,48.43,705.97
524,706.35,833.31,379.27
525,91.15,317.27,33.13
526,100.09,426.48,145.7
527,689.68,580.57,350.24
528,705.89,679.83,482.95
529,552.69,642.23,495.25
530,548.72,364.49,263.7
531,939.29,351.44,689.78
532,794.45,70.64,668.55
533,69.18,774.77,73.5
534,442.99,168.7,149.46
535,569.12,480.47,274.96
536,985.69,331.2,641.95
537,459.63,320.06,904.62
538,556.18,173.57,830.19
539,492.04,97.22,316.01
540,303.01,115.42,437.68
541,637.82,30.81,808.83
542,845.75,591.42,257.14
543,65.53,967.25,165.35
544,298.04,244.86,367.38
545,561.91,113.64,27.03
546,402.1,495.03,251.48
547,558.21,929.6,518.62
548,0.89,100.65,145.41
549,633.09,337.42,354.01
550,828.65,327.74,859.9
551,440.42,64.82,407.55
552,641.06,93.98,155.12
553,70.7,16.71,999.52
554,902.22,486.94,10.48
555,253.96,36.01,774.7
556,459.19,512.17,760.16
557,800.39,382.67,749.92
558,309.22,192.21,99.57
559,519.2,283.44,368.74
560,828.76,677.87,7.18
561,216.03,756.8,543.64
562,846.84,694.74,328.93
563,971.79,189.04,85.27
564,828.3,132.49,145.84
565,629.94,57.5,417.07
566,745.41,21.11,286.82
567,345.61,822.64,408.33
568,746.88,2.51,71.78
569,72.69,188.91,563.71
570,928.96,371.31,14.06
571,497.9,330.45,878.67
572,103.11,348.59,740.89
573,833,388.45,809.07
574,893.27,131.48,834.24
575,922.06,542.98,747.49
576,101.03,348.99,473.72
577,466.8,697.53,756.27
578,555.23,591.17,661.81
579,836.89,164.86,138.59
580,377.83,378.05,975.32
581,666.53,190.21,166.23
582,615.07,565.01,406.57
583,833.64,687.9,526.3
584,996.83,90.92,163.3
585,967.63,627.07,590.95
586,169.8,314.38,794.6
587,703.11,934.59,356.1
588,848.34,514.21,256.57
589,773.61,160.43,11.4
590,977.87,900.7,225.23
591,42.09,330.23,571.84
592,890.03,57.27,240.97
593,124.15,14.23,815.49
594,568.58,863.56,791.04
595,67.79,127.89,98.27
596,953.66,618.54,216.14
597,325.95,998.55,531.65
598,712.47,558.26,773.74
599,924.33,225.19,122.24
600,96.23,960.39,683.19
601,352.65,911.47,22.72
602,827.32,137.99,106.06
603,143.16,707.85,465.94
604,365.86,484.1,487.43
605,420.45,720.2,428.14
606,634.04,955.77,557.69
607,295.93,611.76,688.36
608,614.28,549.67,401.96
609,984.25,280.39,38.18
610,784.92,889.58,781.85
611,94.14,625.69,842.67
612,156.76,130.76,852.51
613,3.23,160.55,865.46
614,473.12,308.65,669.82
615,669.75,692.73,535.35
616,106.15,804.46,272.43
617,900.62,715.47,842.86
618,352.11,503.37,821.53
619,31.63,812.91,574.44
620,487.81,527.86,768.41
621,435.6,1.13,921.65
622,518.38,636.68,281.5
623,150.65,539.46,217.44
624,925.94,491.53,909.75
625,552.53,304.53,946.3
626,884.15,905.82,78.56
627,216.26,27.47,570.87
628,931.03,460.35,995.44
629,808.94,91.92,254.39
630,212.84,348.4,246.81
631,965.13,477.61,117.04
632,459.24,487.2,529.94
633,649.34,955.16,687.16
634,519.14,493.65,217.88
635,676.14,967.93,438.25
636,553.97,292.23,744.95
637,521.8,31.46,542.73
638,595.33,428.38,822.85
639,981.57,252.91,849.77
640,374.18,995.08,702.9
641,459.68,520.32,797.34
642,204.87,977.27,600.28
643,171.61,517.74,138.29
644,337.46,502.26,966.88
645,151.18,526.16,56.69
646,368.17,251.06,807.12
647,834.83,943.48,864.15
648,600.1,420.38,903.83
649,800.27,442.19,254.81
650,953.57,180.44,875.39
651,51.48,307.95,67.26
652,559.96,705.69,326.66
653,681.77,676.66,806.14
654,347.29,891.16,249.64
655,301.87,353.4,425.11
656,587.33,985.02,747.42
657,393.59,449.74,218.69
658,705.16,397.37,297.57
659,913.3,913.62,55.93
660,387.53,128.47,380.42
661,395.04,164.72,202.63
662,899.01,359.65,456.53
663,19.3,979.19,317.29
664,159.09,22.63,168.98
665,232.41,375.17,414.67
666,74.84,393.91,287.79
667,39.03,420.59,196.67
668,927.87,849.62,359.71
669,483.42,444.82,911.26
670,751.44,492.3,282.32
671,484.05,530.1,859.56
672,161.05,443.67,349.04
673,868.5,234.92,13.36
674,184.62,717.37,466.01
675,171.92,291.37,503.4
676,382.15,676.14,745.27
677,342.08,185.12,78.62
678,572.04,546.73,628.52
679,949.4,173.12,710.26
680,846.45,75.83,148.56
681,359.86,957.7,217.68
682,60.5,682.6,854.84
683,166.25,139.83,431.75
684,848.17,245.32,172.75
685,122.98,734.01,142.16
686,909.69,180.21,917.26
687,134.19,667.12,485.8
688,653.62,379.5,811.43
689,899.08,305.14,101.11
690,130.54,843.16,652.42
691,636.36,97.62,171.74
692,24.84,871.87,405.27
693,236.54,442.59,824.88
694,280.78,630.1,196.6
695,165.08,254.77,136.75
696,557.47,70.12,966.2
697,846.98,990.77,261.15
698,85.75,700.31,311.12
699,366.35,269.27,369.66
700,880.83,592.85,37.37
701,214.91,714.39,661.47
702,499.75,69.15,98.36
703,539.25,840.63,345.83
704,572.91,824.26,635.59
705,689.78,557.3,551.85
706,681.15,380.05,187.54
707,976.45,221.91,416.54
708,607.52,823.07,242.93
709,882.96,35.63,817.05
710,666.05,65.86,76.22
711,201.46,349.36,641.39
712,525.46,733.02,554.1
713,315.12,223.13,79.81
714,538.61,766.86,735.41
715,416.7,777.32,889.73
716,476.2,144.45,977.68
717,154.79,814.22,971.55
718,852.16,975.9,16.76
719,218,658.93,993.51
720,629.15,852.22,19.34
721,318.57,982.66,644.09
722,903.46,321.14,819.83
723,582.78,128.45,863.13
724,733.62,42.49,642.21
725,563.66,180.71,318.08
726,159.08,159.73,278.31
727,726.93,432.1,89.93
728,314.61,104.26,91.72
729,548.72,492.68,237.24
730,936.93,640.87,183.46
731,8.09,862.17,941.98
732,76.69,890.03,395.66
733,406.4,398.85,657.96
734,571,715.2,332.68
735,953.01,419.15,676.81
736,96.11,512.41,873.51
737,128.43,385.35,381.36
738,486.3,400.06,498.76
739,874.42,255.09,390.28
740,88.02,638.17,703.85
741,173.89,724.89,637.6
742,492.75,846.1,886.18
743,518.71,622,360.17
744,827.52,212.82,377.05
745,888.98,200.83,86.62
746,28.75,422.45,63.61
747,249.81,336.15,264.4
748,429.64,759.21,500.96
749,25.89,362.94,164.47
750,884.13,57.06,530.21
751,269.03,183.83,463.64
752,683,548.24,115.93
753,763.38,961.79,704.37
754,894.57,541.86,93.12
755,455.44,993.03,389.23
756,677.19,807.59,609.69
757,290.64,246.29,610.15
758,348.16,178.32,92.39
759,246.33,353.62,277.55
760,733.69,898,419.49
761,759.17,631.43,691.75
762,633.26,247.16,278.42
763,989.27,379.29,653.85
764,743.27,515.47,307.03
765,988.52,519.08,847.84
766,351.33,562.01,717.05
767,966.84,446.36,144.3
768,966.17,259.44,676.08
769,130.99,42.89,397.04
770,868.73,368.72,996.42
771,582.96,818.24,170.69
772,164.64,414.88,637.13
773,751.39,264.83,975.01
774,146.8,475.4,961.8
775,602.23,450.23,142.89
776,239.23,582.82,304.02
777,730.98,663.15,325.77
778,32.18,413.75,581.26
779,912.93,23.92,41.61
780,119.59,999.42,592.16
781,719.82,722.24,328.84
782,110.48,420.21,335.06
783,174.57,10.84,480.62
784,966.03,552.9,437.33
785,404.76,694.03,363.08
786,760.25,356.39,31.52
787,796.77,981.56,766.69
788,890.59,585.16,309.21
789,151.59,283.47,273.28
790,868.77,522.26,997.85
791,539.45,466.71,801.14
792,698.97,284.87,40.17
793,598.84,907.41,172.23
794,368.95,612.62,721.49
795,941.62,849.88,660.92
796,861.94,242.1,463.45
797,971.59,627.56,344.28
798,523.48,910.28,442.75
799,96.38,761.88,199.96
800,90.23,33.07,699.35
801,514.92,123.56,976.97
802,672.6,358.46,929.92
803,818.5,427.47,288.61
804,511.98,916.38,133.43
805,530.15,451.06,72.1
806,195.71,368.92,689.34
807,188.05,958.24,63.7
808,362.63,21.13,547.72
809,102.54,580.73,178.12
810,248.64,796.77,387.71
811,234.89,142.9,789.71
812,851.28,528.57,66.63
813,246.92,249.09,154.2
814,985.88,157.31,595.61
815,403.34,154.58,551.11
816,638.77,660.81,591.71
817,526.41,791.88,434.2
818,487.37,746.32,431.64
819,584.69,872.64,810.37
820,476.38,730.75,629.77
821,541.52,323.91,367.55
822,811.83,388.19,222.41
823,852.46,690.78,394.27
824,984.29,963.72,22.22
825,118.05,665.82,351.92
826,475.49,327.74,845.62
827,261.63,309.41,946.38
828,900.16,765.75,703.2
829,504.76,703.36,667.04
830,364.97,436.22,190.29
831,378.13,753.26,84.14
832,754.46,736.35,512.6
833,799.89,684.54,713.06
834,534.72,162.56,443.57
835,179.8,156.42,1.8
836,164.56,515.93,600.49
837,612.96,273.71,829.9
838,406.73,423.96,420.6
839,133.79,758.99,752.48
840,115.94,402.75,950.17
841,93.81,790.14,163.54
842,30.63,525.49,436.97
843,300.44,858.85,87.39
844,969.95,278.73,1.51
845,121.06,672.15,728.8
846,426.08,479.31,829.72
847,664.97,654.81,131.73
848,189.71,734.13,538.94
849,791.04,410.2,637.52
850,152.54,189.03,361.9
851,291.42,160.35,553.43
852,230.96,94.88,494.79
853,253.15,52.69,205
854,817.64,946.27,111.99
855,101.44,624.77,271.19
856,449.1,627.32,976.57
857,636.53,733.26,756.29
858,541.63,350.1,266.8
859,267.2,374.48,295.62
860,825.58,670.15,845.54
861,20.95,437.99,668.66
862,453.89,318.27,328.99
863,762.3,533.47,531.28
864,381.44,167.87,345.58
865,615.49,300.62,234.35
866,909.59,815.35,152.87
867,123.54,578.47,373.39
868,855.25,854.67,808.66
869,580.06,120.78,867.4
870,838.33,246.86,814.16
871,305.89,823.87,156.34
872,199.08,850.66,307.61
873,310.82,557.12,375.46
874,828.92,872.09,544.25
875,566.03,793.82,84.42
876,407.3,755.14,867.81
877,561.03,10.08,833.71
878,422.99,792.71,757.4
879,61.3,142.05,787.33
880,433.2,906.36,749.19
881,142.64,162.68,521.68
882,291.35,256.78,952.54
883,430.08,90.07,121.73
884,698.81,587.13,14.35
885,679.62,700.24,421.78
886,300.63,202.52,166.73
887,722.58,23.82,1.5
888,356.03,192.7,531.47
889,710.09,703.36,272.51
890,987.72,610.44,873.29
891,786.23,30.38,980.84
892,234.18,516.31,244.95
893,442.6,548.65,37.02
894,501.78,18.28,807.47
895,380.38,440.78,639.31
896,535.89,694.41,522.32
897,355.09,279.13,26.47
898,899.91,157.84,362.09
899,136.54,648.29,523.87
900,48.42,8.99,129.93
901,479.62,923.68,394.34
902,227.93,939.13,355.62
903,447.36,851.38,690.76
904,328.3,90.62,269.16
905,111.85,981.34,256.73
906,159.43,388.57,603.63
907,692.3,693.05,513.64
908,412.39,620.15,106.29
909,398.16,965.87,561.42
910,600.2,689.2,251.16
911,625.29,731.42,60.06
912,509.55,452.72,480.47
913,297.26,417.82,339.54
914,97.29,556.94,681.04
915,901.02,589.57,816.21
916,729.7,80.06,103.58
917,760.13,415.04,145.22
918,790.24,112.95,951.97
919,603.07,631.35,109.72
920,471.93,955.68,728.36
921,540.58,423.81,893.39
922,368.01,739.17,250.71
923,680.77,116.92,79.94
924,697.4,211.87,520.46
925,136.43,915.73,173.02
926,100.72,314.16,541.52
927,150.37,205.62,248.6
928,352.59,444.77,473.73
929,46.62,402.56,931.92
930,94.29,723.03,299.45
931,991.75,988.6,987.45
932,190.05,561.55,807.05
933,237.41,315.05,828.83
934,818.69,158.1,464.27
935,483.69,616.7,470.25
936,597.92,8.03,607.61
937,864.75,811.16,443.64
938,921.83,902.58,239.36
939,304.62,384.1,390.46
940,915.91,813.43,597.36
941,325.43,986.93,3.05
942,749.06,354.01,382.33
943,916.71,950.97,758.41
944,819.57,763.1,961.1
945,455.4,315.44,390.54
946,9.25,215.99,114.34
947,517.13,102.71,897.32
948,711.43,599.92,725.82
949,830.82,901.48,808.04
950,884.33,327.47,936.28
951,160.12,767.8,346.9
952,139.91,206.63,520.11
953,22.16,440.48,700.35
954,924.6,964.9,128.71
955,576.38,58.68,677.08
956,654.47,694.81,539.82
957,442.38,168.15,594.75
958,787.72,274.71,684.83
959,983.68,510.13,294.43
960,94.66,413.76,962.01
961,656.38,316.24,421.94
962,963.68,357.93,707.11
963,520.01,745.15,352.03
964,928.72,904.7,274.1
965,580.07,319.63,773.33
966,772,367.29,766.32
967,575.63,47.49,78
968,571.16,906.97,724.25
969,805.59,5.97,952.68
970,77.77,621.87,529.41
971,584.73,645.7,900.62
972,512.5,897.68,90.83
973,892.14,667.66,356.41
974,830.5,179.62,260.3
975,719.52,215.53,48.7
976,718.58,996.33,91.74
977,669.84,141.52,449.63
978,303.78,787.34,727.55
979,588.51,747.38,29.53
980,445.83,930.28,600.39
981,909.99,667.02,898.69
982,374.56,372.77,875.06
983,763.65,595.21,742.91
984,402.98,929.62,920.27
985,738.01,78.36,7.98
986,546.95,573.76,227.42
987,637.55,601.24,336.47
988,881.38,457.83,572.56
989,15.86,590.5,93
990,142.04,909.75,82.35
991,290.94,718.81,165.48
992,580.46,402.97,936.6
993,320.37,175.78,872.11
994,495.86,206.48,406.1
995,603.35,864.62,823.1
996,925.8,541.6,921.5
997,946.67,789.73,356.01
998,119.6,713.87,524.18
999,833.62,239.88,690.28
1000,520.32,563.29,729.22
1001,754.24,720,187.61
1002,444.29,154.69,205.42
1003,211.47,66.35,724.78
1004,74.35,591.48,451.62
1005,62.23,97.42,151.32
1006,469.03,62.23,160.41
1007,498.68,878.59,742.55
1008,572.4,613.39,964.14
1009,862.92,158.04,64.84
1010,316.85,631.93,448.27
1011,74.86,68.92,706.78
1012,633.36,256.97,115.83
1013,805.12,948.79,265.59
1014,664.75,238.28,442.13
1015,48.76,580.89,325.85
1016,975.16,433.21,750.47
1017,440.07,81.61,427.42
1018,977.19,243.4,185.49
1019,580.63,143.4,956.28
1020,489.29,735.58,45.08
1021,607.8,249.46,967.09
1022,980.24,299.99,631.6
1023,91.21,962.16,8.98
1024,695.69,366.24,589.67
1025,1.59,185.71,888.98
1026,313.63,267.36,258.27
1027,367.77,131.11,472.04
1028,624.9,90.74,204.68
1029,904.09,4.15,788.14
1030,891.84,597.26,754.68
1031,579.95,63.17,426.33
1032,310.08,23.76,288.4
1033,929.8,530.16,444.12
1034,436.15,40.22,69.2
1035,358.66,964.39,422.16
1036,682.05,824.57,636.2
1037,64.9,629.93,821.87
1038,940,209.65,950.95
1039,151.65,501.21,466.88
1040,26.02,524.13,361.26
1041,427.14,375.06,165.99
1042,729.46,221.31,195.8
1043,247.48,198.71,454.93
1044,95.41,180.31,572.76
1045,46.46,657.21,775.3
1046,51.46,494.75,673.89
1047,279.28,841.38,977.79
1048,887.68,2.25,375.99
1049,59.74,137.34,517.12
1050,843.39,500.82,555.98
1051,428.65,536.21,134.88
1052,405.93,972.25,936.46
1053,999.12,93.16,633.69
1054,1.16,6.58,258.28
1055,907.8,133.59,267.32
1056,479.28,982.62,16.04
1057,656.01,512.05,487.28
1058,301.99,160.34,143.15
1059,596.44,774.9,641.25
1060,385.52,812.45,678.78
1061,611.88,105.76,553.9
1062,149.98,707.55,195.27
1063,707.44,979.7,478.46
1064,58.91,893.66,454.35
1065,489.69,244.78,195.08
1066,568.58,713.08,827.88
1067,17.53,127.47,848.9
1068,228.95,936.6,216.39
1069,854.85,716.25,406.46
1070,628.98,322.56,538.04
1071,266.98,415.54,371.52
1072,843.46,237.67,105.91
1073,535.67,973.86,587.46
1074,242.79,451.81,455.61
1075,766.32,719.35,838.88
1076,938.66,439.85,463.51
1077,772.65,912.49,443.44
1078,562.13,294.21,176.93
1079,705.7,829.31,124.17
1080,250.99,592.73,696.37
1081,941.73,937.19,276.65
1082,14.52,99.07,352.09
1083,752.14,312.39,590.95
1084,829.46,712.99,193.35
1085,899.2,517.67,671.01
1086,634.91,247.59,955.99
1087,951.2,626.22,409.31
1088,796.46,50.91,539.08
1089,423.82,300.97,444.83
1090,644.25,743.42,883.94
1091,832.75,796.26,133.36
1092,878.83,807.69,571.37
1093,928.17,326.83,303.87
1094,466.94,773.78,271.62
1095,497.87,739.09,278.23
1096,678.78,953.38,196.45
1097,119.99,809.77,909.59
1098,686.5,77,540.34
1099,353.79,118.7,962.67
1100,121.21,500.87,911.29
1101,529.26,824.39,771.11
1102,700.7,453.38,403.8
1103,222.4,712.46,282.37
1104,600.46,522.87,427.7
1105,445.85,415.55,700.66
1106,599.04,691.79,465.85
1107,787.23,378.54,632.07
1108,839.59,116,364.61
1109,711.12,185.02,10.91
1110,140.21,422.84,143.43
1111,27.84,829.4,573.59
1112,0.47,270.42,234.7
1113,767.11,488.14,46.92
1114,333.46,735.1,104.18
1115,965.04,94.84,811.03
1116,982.54,821.32,418.37
1117,491.08,628.72,959.58
1118,374.74,391.75,9.25
1119,315.4,425.97,988.74
1120,239.94,892.78,664.93
1121,470.56,380.06,538.85
1122,884.82,551.33,34.48
1123,321.48,81.81,927.96
1124,312.65,251.62,268.55
1125,209.03,647.15,492.34
1126,485.95,340.82,513.34
1127,181.68,59.12,553.59
1128,109.82,693.83,536.8
1129,987.02,764.16,616.56
1130,211.32,956.07,853.64
1131,922.74,189.31,220.44
1132,147.38,270.09,605.24
1133,709.49,444.37,383.06
1134,596.6,287.35,611.24
1135,912.38,976.23,381.7
1136,437.24,66.32,505.77
1137,94.63,867.17,220.77
1138,884.79,452.82,968.92
1139,657.38,451.35,93.1
1140,738.3,190.16,914.66
1141,490.43,900.49,318.97
1142,910.83,558.15,574.22
1143,505.42,980.86,937.53
1144,914.61,112.25,562
1145,395.76,543.13,530.25
1146,181.32,267.22,772.47
1147,841.04,31.84,938.41
1148,898.32,488.66,104.98
1149,518.21,909.14,877.16
1150,963.95,682,309.16
1151,108.56,603.09,888.14
1152,507.48,906.38,940.58
1153,117.45,803.56,954.69
1154,717.43,115.63,33.78
1155,78.73,101.91,852.21
1156,480.09,810.58,74.46
1157,788.68,130.91,996.96
1158,183.81,165.43,211.69
1159,765.17,820.79,833.55
1160,238.78,895.52,429.61
1161,827.77,116.33,463.04
1162,339.12,881.86,185.17
1163,295.43,195.63,332.99
1164,442.18,929.46,754.72
1165,131.9,100.24,501.59
1166,276.37,806.26,729.28
1167,72.26,220.29,465.29
1168,835.92,883.66,391.64
1169,443.63,430.7,439.83
1170,765.41,353.42,758.29
1171,127.93,690.64,311.98
1172,701.51,378.96,357.95
1173,949.11,134.4,619.78
1174,344.4,84.67,222.49
1175,221.13,815.43,861.43
1176,494.23,810.19,108.87
1177,886.87,290.96,698.74
1178,363.04,405.6,871.41
1179,169.89,981.82,348.31
1180,493.79,911.31,651.75
1181,653.23,294.6,712.53
1182,550.91,705.85,277.75
1183,508.69,792.91,536.97
1184,568.85,490.23,329.84
1185,345.15,253.42,287.34
1186,235.88,641.22,688.11
1187,801.67,125.68,611.35
1188,492.6,829.92,948.59
1189,625.28,156.38,104.28
1190,436.04,110.61,715.68
1191,645.17,935.41,86.36
1192,508.02,717.72,875.87
1193,147.04,476.16,107.14
1194,913.3,189.38,676.65
1195,460.75,264.56,135.24
1196,476.46,943.99,470.15
1197,739.44,746.44,740.19
1198,204.79,468.09,555.57
1199,727.06,380.53,763.16
1200,998.11,302.03,465.28
1201,110.41,464.05,418.44
1202,652.41,23.26,817.2
1203,337,859.86,549.81
1204,140.25,525.89,955.95
1205,783.76,4.62,925.47
1206,499.38,260.83,557
1207,52.52,880.04,805.83
1208,961.93,601.78,76.87
1209,872.22,891.28,459.72
1210,255.69,807.21,429.48
1211,585.56,456.14,100.74
1212,538.97,550.77,973.68
1213,581.01,718.39,467.82
1214,286.87,245.13,982.5
1215,770.51,106.79,730.51
1216,569.77,827.27,957.74
1217,492.69,637.49,916.68
1218,964.85,893.08,229
1219,189.78,726.2,610.25
1220,441.99,724.07,135.24
1221,154.89,900.09,334.56
1222,408.83,303.3,858.95
1223,406.49,100.72,637.76
1224,237.67,313.22,789.66
1225,359.28,752,888.54
1226,889.38,129.13,574.6
1227,816.91,157.35,777.13
1228,173.77,505.53,791.59
1229,566.65,858.66,835.47
1230,766.76,790.84,682.88
1231,180.03,671.83,639.27
1232,719.71,465.97,77.13
1233,410.27,907.76,334.73
1234,896.94,807.38,253.52
1235,677.26,757.01,11.69
1236,696.43,147.52,169.52
1237,737.1,152.53,841.21
1238,165.75,24.42,310.71
1239,891.88,542.97,278.44
1240,616.66,177.65,781.75
1241,989.11,918.48,28.17
1242,203.51,688.84,93.3
1243,801.75,973.11,246.26
1244,640.32,780.14,279.69
1245,960.86,12.63,86.45
1246,144.31,802.77,542.29
1247,69.47,10.59,984
1248,804.46,335.76,290.57
1249,737.6,88.4,578.09
1250,733.23,284.09,212.59
1251,32.82,956.5,13.98
1252,399.87,904.15,46.64
1253,281.08,222.34,73.26
1254,741.11,469.98,91.36
1255,437.76,243.06,357.31
1256,191.08,910.09,397.66
1257,342.23,281.02,525.34
1258,97.34,934.39,580.79
1259,742.31,264.69,718.72
1260,514.4,102.6,186.52
1261,670.75,709.86,822.81
1262,980.98,416.04,597.66
1263,439.75,543.73,403.63
1264,26.09,647.34,973.81
1265,403.09,581.28,787.2
1266,278.17,776.35,478.19
1267,519.39,686.38,640.12
1268,462.5,395.72,494.45
1269,631.25,22.93,649.77
1270,872.15,334.77,246.32
1271,404.58,503.73,519.13
1272,328.83,890.67,370.83
1273,15.57,385.64,716.89
1274,260,746.58,376.64
1275,422,511.13,581.43
1276,685.58,378.66,75.79
1277,566.91,335.15,114.61
1278,43.68,534.21,322.1
1279,937.3,601.22,461.97
1280,92.94,343.74,186.44
1281,426.37,777.8,124.05
1282,387.77,323.56,782.34
1283,56.96,62.53,942.41
1284,799.45,408.61,387.71
1285,939.83,692.67,765.03
1286,81.22,197.03,664.58
1287,282.48,492.31,318.55
1288,381.07,498.25,726.49
1289,270.08,303.77,346.6
1290,580.63,945.68,857.64
1291,984.08,274.6,932.79
1292,257.71,376.51,662.25
1293,266.93,340.25,75.6
1294,65.38,167.67,428.66
1295,467.29,992.24,998.96
1296,170.1,652.88,945.15
1297,909.77,254.21,82.07
1298,325.02,664.02,636.78
1299,433.6,281.99,749.07
1300,333.58,109.87,259.68
1301,501.52,341.63,291.24
1302,507.82,148.74,1.28
1303,733.29,514.04,298.7
1304,434.14,407.57,547.21
1305,514.39,85.85,292.32
1306,688.66,798.22,804.99
1307,586.72,107.13,831.67
1308,830.27,712.19,884.58
1309,696.13,686.57,526.92
1310,136.5,750.14,3.65
1311,430.63,659.24,585.3
1312,689.21,953.7,653.46
1313,469.02,672.63,56.44
1314,119.19,865.42,783.77
1315,257.97,2.49,263.75
1316,295.82,687.18,73.49
1317,864.07,421.52,323.73
1318,858.12,386.58,211.36
1319,22.37,67.81,475.94
1320,556.32,42.59,149.52
1321,187.26,836.09,679.51
1322,123.03,57.49,919.55
1323,29.13,158.03,921.38
1324,957.39,389.77,661.54
1325,724.84,117.52,145.53
1326,348.01,123.3,135.72
1327,907.29,478.01,45.23
1328,719.42,552.46,596.1
1329,318.44,824.42,172.57
1330,64.72,253.11,846.64
1331,172.1,822.61,716.76
1332,652.54,157.75,286.01
1333,815.66,755.18,417.45
1334,871.96,778.5,483.03
1335,409.78,965.74,249.79
1336,517.33,405.93,843.1
1337,934.11,909.17,608.19
1338,10.45,726.16,670.01
1339,868.76,475.29,703.35
1340,967.59,813.44,853.23
1341,901.06,268.72,207.57
1342,126.98,150.37,942.68
1343,229.52,381.28,991.78
1344,874.55,225.73,377.43
1345,867.25,401.43,291.93
1346,538.88,689.21,613
1347,119.82,956.56,751.4
1348,98.87,692.54,680.73
1349,966.88,393.61,895.54
1350,445.36,527.77,470.84
1351,274.94,180.37,210.57
1352,516.37,484.82,924.14
1353,245.41,548.08,354.91
1354,392.19,405.76,728.21
1355,958.69,872.53,440.76
1356,799.74,569.27,475.27
1357,153.29,658.01,153.47
1358,272.1,803.33,178.41
1359,451.25,586.83,134.17
1360,890.27,686.03,607.47
1361,851.79,664.96,744.06
1362,378.4,729.08,909.62
1363,58.2,558,499.45
1364,645.92,664.79,815.85
1365,693.45,704.11,162.82
1366,511.69,806.82,112.62
1367,508.46,184.09,440.73
1368,528.11,369.85,11.01
1369,475.37,614.82,106.23
1370,798.42,591.01,890.28
1371,219.24,59.01,450.23
1372,102.37,108.89,566.42
1373,725.79,98.9,664.62
1374,794.49,367.19,765.55
1375,681.01,933.9,579.43
1376,69.52,36.67,75.73
1377,327.81,625.97,212.09
1378,477.03,529.44,771.42
1379,306.95,222.18,946.89
1380,557.41,455.42,303.12
1381,379.31,88.64,541.16
1382,727.25,112.76,749.05
1383,610.03,271.4,644.92
1384,309.96,115.07,937.34
1385,682.2,276.14,38.82
1386,633.89,594.68,238.66
1387,622.41,5.1,332.23
1388,648.25,545.97,697.17
1389,52.39,518.84,644.19
1390,684.67,395.16,154.5
1391,878.88,183.61,1.79
1392,632.33,958.6,276.89
1393,6.73,915.52,900.99
1394,560.55,744.31,747.39
1395,310.77,373.13,259.76
1396,953.48,462.31,487.64
1397,237.57,527.05,38.94
1398,502.19,539.16,921.63
1399,429.9,77.64,110.11
1400,64.15,292.3,718.68
1401,486.04,288.4,65.42
1402,492,983.43,333.95
1403,940.11,140.41,540.97
1404,816.15,379.13,329.23
1405,0.15,995.19,54.37
1406,618.8,602.36,691.01
1407,811.45,639.54,647.08
1408,453.33,546.17,726.73
1409,202.93,20.53,806.06
1410,279.44,568.42,620.22
1411,661.41,782.58,749.83
1412,349.34,659.54,569.26
1413,164.12,772.86,326.37
1414,114.08,904.05,425.6
1415,872.66,284.55,137.41
1416,382.89,684.11,226.32
1417,922.14,686.85,505.32
1418,917.31,827.2,653.49
1419,426.59,812.91,905.14
1420,636.07,527.69,490.63
1421,40.79,230.72,363.32
1422,800.85,544.44,590.47
1423,207.57,545.23,105.87
1424,588.97,1.16,633.73
1425,536.18,225.45,836.01
1426,735.88,924.56,334.65
1427,221.77,538.22,626.61
1428,723.38,903.23,615.32
1429,970.46,733.33,380.72
1430,687.06,186.82,845.71
1431,647,941.39,226.53
1432,108.42,57.59,994.77
1433,77.18,864.86,746.37
1434,354.92,622.66,603.66
1435,976.67,385.92,45.32
1436,967.07,744.74,769.62
1437,179.59,827.06,295.87
1438,239.18,619.8,195.88
1439,511.37,673.31,724.49
1440,660.74,141.21,265.55
1441,353.89,635.1,188.03
1442,808.08,721.33,111.95
1443,368.91,833.86,533.61
1444,914.86,330.93,308.35
1445,509.52,94.85,479.76
1446,980.85,630.89,10.45
1447,967.47,812.06,25.34
1448,774.35,215.52,661.54
1449,772.77,320.69,224.73
1450,250.31,326.61,16.85
1451,139.41,672.27,45.64
1452,598.65,647.38,8.9
1453,308.22,880.94,176.26
1454,795.98,391.7,671.41
1455,222.67,140.47,52.85
1456,350.58,95.51,447.82
1457,383.67,568.82,788.76
1458,236.71,242.86,552.01
1459,623.02,259.8,590.88
1460,567.48,239.3,184.9
1461,789.55,865.32,165.52
1462,985.91,733.65,39.86
1463,987.79,925.46,322.98
1464,245.32,840.1,908.03
1465,687.06,352.57,759.46
1466,83.62,234.78,67
1467,506.04,258.23,420.4
1468,743.14,237.94,311.92
1469,579.62,7.08,390.55
1470,191.92,236.09,579.49
1471,603.15,32.89,189.52
1472,195.64,235.36,778.85
1473,341.29,295.86,487.42
1474,598.06,898.14,170.13
1475,698.81,501.7,898.92
1476,726.68,974.23,532.1
1477,435.71,997.51,796.65
1478,413.07,802.78,341.81
1479,826.41,877.68,307.69
1480,132.12,387.28,945.17
1481,260.45,778.36,256.16
1482,50.51,737.55,221.56
1483,311.61,315.73,315.09
1484,208.05,824.63,789.08
1485,774.51,286.78,10.19
1486,477.75,980.59,308.14
1487,120.37,185.26,604.74
1488,565.26,574.36,218.08
1489,660.75,36.58,325.7
1490,607.33,704.04,144.86
1491,79.42,791.68,919.66
1492,446.25,116.98,747.25
1493,407.68,529.91,680.7
1494,705.56,252.74,277.29
1495,100.26,976.84,799.41
1496,438.6,338.95,611.68
1497,737.57,993.13,705.66
1498,398.81,797.65,666.9
1499,133.43,326.15,905.56
1500,840.82,315.95,646.19
1501,179.6,339.12,740.21
1502,722.02,324.59,499.33
1503,532.94,979.14,860.27
1504,843.95,254.93,72.92
1505,80.5,749.58,47.41
1506,897.06,991.45,994.42
1507,572.28,26.25,767.68
1508,291.18,929.29,385.81
1509,397.07,670.43,312.43
1510,163.59,536.47,958.89
1511,977.3,538.8,519.6
1512,224.6,668.82,682.12
1513,220.22,953.03,357.5
1514,614.27,246.78,601.13
1515,756.62,94.56,406.42
1516,378.37,461.94,621.51
1517,481.47,985.87,154.62
1518,516.97,620.59,884.68
1519,451.52,653.17,329.6
1520,315.22,172.47,863.88
1521,23.26,834.52,55.58
1522,47.16,720.78,854.1
1523,346.79,649.23,893.21
1524,567.78,246.03,82.12
1525,227.83,369.44,242.24
1526,239.72,972.29,374.21
1527,521.83,908.92,833.44
1528,244.79,715.58,96.2
1529,644.21,893.29,204.7
1530,521.97,589.82,715.09
1531,869.14,83.37,625.07
1532,595.44,680.33,764.93
1533,974.56,403.28,894.58
1534,671.01,382.22,929.7
1535,119.11,614.09,228.42
1536,577.78,878.41,930.27
1537,888.58,344.43,424.79
1538,737.78,73.96,782.66
1539,408.19,181.92,363.99
1540,933.17,496.23,828.67
1541,612.99,451.67,522.48
1542,510.48,25.16,913.69
1543,962.98,841.71,386.06
1544,71.65,360.39,684.53
1545,196.03,698.47,375.89
1546,181.5,102.63,224.33
1547,206.85,49.05,261.1
1548,288.5,337.14,958.54
1549,538.44,615.66,281.3
1550,647.42,312.26,328.7
1551,372.16,877.95,454.79
1552,370.18,832.05,21.56
1553,660.84,619.31,911.78
1554,509.19,310.15,40.44
1555,195.62,781.17,797.34
1556,31.07,372.04,644.07
1557,297.13,809.38,695.28
1558,543.65,419.8,493.48
1559,210.27,261.28,372.61
1560,656.92,30.54,82.64
1561,498.06,170.74,22.46
1562,921.3,844.63,807.13
1563,966.6,854.28,431.09
1564,485.78,522.24,30.06
1565,532.5,461.3,17.12
1566,356.79,761.51,667.95
1567,7.68,844.84,812.86
1568,578.1,877.28,602.44
1569,472.6,994.17,96.03
1570,247.05,781.77,615.58
1571,792.87,525.38,681.97
1572,309.2,334.6,200.85
1573,805.62,213.36,236.24
1574,683.39,729.28,846.49
1575,827.82,398.22,482.75
1576,592.41,49.55,375.81
1577,636.91,471.23,584.66
1578,198.53,578.96,538.68
1579,222.83,604.9,525.52
1580,164.93,955.96,29.35
1581,734.6,948.44,466.68
1582,882.7,216.85,942.41
1583,181.05,672.48,840.8
1584,972.25,67.72,61.67
1585,254.64,922.06,734.46
1586,384.96,992.91,449.35
1587,384.27,988.2,988.59
1588,509.96,876.81,728.65
1589,593.06,93.83,909.26
1590,179,789.73,701.39
1591,476.62,894.56,478.51
1592,208.33,414.47,627.54
1593,933.53,496.98,883.97
1594,778.93,352.61,956.89
1595,487.41,183.86,14.67
1596,934.07,660.61,164.89
1597,803.63,122.76,103.35
1598,916.06,629.8,844.05
1599,876.42,840.64,322.88
1600,155.18,377.61,447.89
1601,476.82,835.68,210.65
1602,306.82,545.35,235.77
1603,481.28,439.67,812.58
1604,741.75,580.01,935.84
1605,519.57,283.07,483.17
1606,627.66,411.53,663.87
1607,74.83,979.3,647.49
1608,762,24.5,643.96
1609,830.08,555.58,364.15
1610,273.3,467.24,426.74
1611,614.08,271.02,557.72
1612,823.82,907.33,509.95
1613,28.1,297.83,417.49
1614,556.35,410.54,207.34
1615,492.5,472.02,427.99
1616,657.09,725.48,932.63
1617,196.98,173.92,768.26
1618,596.97,1.69,694.49
1619,825.08,323.31,476.37
1620,531.81,741.54,548.74
1621,407,454.94,905.75
1622,811.92,740.13,205.5
1623,44.79,581.11,787.81
1624,541.42,836.09,521.04
1625,799.04,223.42,45.85
1626,479.54,618.47,356.2
1627,194.99,952.32,109.72
1628,661.33,741.39,840.73
1629,475.55,525.94,91.55
1630,365.19,307.34,27.11
1631,882.49,930.01,544.38
1632,703.82,536.56,88.66
1633,354.98,249.15,856.32
1634,763.23,435.65,799.94
1635,608.5,180.88,804.38
1636,274.26,684.41,148.32
1637,908.63,796.08,950.86
1638,818.14,957.46,790.27
1639,190.21,992,322.47
1640,220.83,757.21,740.19
1641,684.83,466.46,191.15
1642,629.97,475.46,230.27
1643,398,835.29,882.53
1644,935.42,725.83,999.68
1645,289.11,732.77,495.59
1646,903.04,371.84,114.02
1647,989.88,539.08,787.95
1648,483.69,675.88,812.56
1649,87.84,3.58,683.53
1650,441.06,740.07,563.09
1651,698.41,448.79,18.03
1652,762.67,949.99,159.12
1653,875.36,346.22,672.46
1654,989.71,875.12,227.57
1655,741.38,936.39,432.93
1656,558.09,768.6,594.02
1657,37.62,655.52,534.59
1658,562.04,325.42,833.56
1659,573.5,288.41,952.5
1660,751.65,258.63,985.53
1661,5.99,93.44,148.77
1662,452.3,572.24,291.9
1663,945.78,653.58,219.68
1664,583.57,43.79,49.22
1665,834.07,337.92,146.51
1666,904.06,535.91,970.68
1667,482.15,660.1,860.7
1668,427.33,270.96,581.89
1669,658.85,56.32,818.72
1670,759.44,718.35,44.84
1671,667.36,684.65,927.79
1672,551.03,535.55,790.37
1673,159.04,564.93,59.2
1674,42.19,527.42,735.02
1675,94.46,477.37,415.47
1676,478.37,25.53,875.67
1677,468.29,242.84,986.73
1678,48.97,325.69,192.36
1679,632.78,494.68,480.2
1680,785.78,878.29,601.47
1681,617.17,129.84,472.42
1682,280.72,354.43,505.03
1683,132.27,133.1,979.41
1684,670.89,11.91,952.02
1685,158.07,480.42,5.01
1686,907.87,949.09,831.48
1687,488.59,357.71,780.6
1688,821.79,582.39,601.3
1689,774.93,57.29,909.81
1690,595.41,468.35,503.37
1691,941.01,554.45,998.74
1692,295.66,234.03,342.09
1693,445.88,906.94,130.29
1694,266.23,484.54,73.62
1695,480.1,670.67,447.95
1696,338.43,709.7,805.79
1697,192.37,20.95,510.11
1698,501.87,253.11,291.57
1699,281.07,987.64,831.26
1700,262.62,53.79,117.81
1701,279.21,653.44,645.66
1702,391.05,811.25,788.76
1703,98.19,594.36,858.36
1704,336.43,946.24,623.24
1705,687.99,866.24,157.19
1706,820.8,73.92,605.64
1707,717.84,12.04,647.04
1708,643.15,251.21,809.74
1709,525.17,906.67,441.81
1710,490.55,275.11,830.55
1711,779.98,631.29,936.93
1712,682.72,746.47,574.31
1713,973.39,883.65,852.67
1714,144.98,617.7,120.95
1715,740.97,316.45,534.74
1716,46.3,440.62,884.99
1717,147.6,499.41,766.65
1718,959.23,835.8,831
1719,802.68,431.39,554.84
1720,23.09,58.34,725.27
1721,951.8,21.53,737.78
1722,915.75,830.64,768.02
1723,757.02,269.68,772.28
1724,216.63,623.55,466.09
1725,902.4,495.05,132.95
1726,712.52,42.6,924.98
1727,335.97,907.86,644.38
1728,466.78,643.99,636.21
1729,153.23,225.5,467.43
1730,233.73,515.05,152.05
1731,556.38,294.35,746.51
1732,882.48,757.12,4.26
1733,315.94,113.57,852.38
1734,287.84,426.64,127.18
1735,336.07,405.3,315.7
1736,246.63,732.38,395.89
1737,509.98,388.35,400.74
1738,161.57,546.96,44.81
1739,795.68,298.42,240.58
1740,370.59,869.73,504.36
1741,320.8,520.73,266.22
1742,521.34,930.89,720.6
1743,617.07,641.27,624.06
1744,319.79,153.63,46.83
1745,381.42,277.61,584.22
1746,950.05,182.53,516.97
1747,938.34,543.4,809.23
1748,360.42,9.45,205.95
1749,97.25,227.74,543.24
1750,44.09,751.09,358.75
1751,342.51,998.29,645.13
1752,219.46,672.6,265.49
1753,0.24,158.49,443.02
1754,153.61,472.12,722.25
1755,665.45,226.38,279.02
1756,540.07,879.07,947.89
1757,495.92,90.01,991.98
1758,999.49,976.74,411.65
1759,522.36,481.84,609.16
1760,394.87,463.8,54.82
1761,143.97,863.01,492.86
1762,521.62,819.91,623.84
1763,863.57,9.65,222.57
1764,236.49,296.58,465.24
1765,131.47,960.11,187.26
1766,478.19,760.73,524.93
1767,308.71,740.67,735.03
1768,553.51,717.46,343.37
1769,874.48,130.73,384.99
1770,929.48,499.4,858.62
1771,272.7,990.48,333.28
1772,629.4,669.72,438.44
1773,155.56,412.97,100.53
1774,152.62,933.62,6.23
1775,6.54,573.56,269.91
1776,867.99,775.11,161.87
1777,7.54,143.79,610.74
1778,31.99,617.92,640.15
1779,147.01,244.62,770.56
1780,995.08,342.4,888.19
1781,185.86,917,320.96
1782,341.3,568.73,179.07
1783,579.03,37.64,502.65
1784,121.18,84.05,345.94
1785,436.91,684.76,149.99
1786,805.11,770.66,577.2
1787,783.08,887.73,371.96
1788,972.52,656.86,108.86
1789,447.73,76.44,38.69
1790,13.75,60.03,339.36
1791,157.75,986.36,138.29
1792,140.94,191.13,921.07
1793,690.49,182.63,65.6
1794,233.98,640.59,84.29
1795,281.84,866.07,738.74
1796,880.24,943.51,446.03
1797,404.13,497.84,325.25
1798,135.25,595.22,402.74
1799,249.56,59.99,492.4
1800,783.9,791.74,808.64
1801,862.18,154.11,451.28
1802,86.1,513.59,907.95
1803,694.72,980.3,968.63
1804,645.79,643.48,971.8
1805,430.8,89.94,84.38
1806,248.75,782.79,967.02
1807,961.8,379.85,913.44
1808,339.4,761,918.25
1809,970.62,272.07,806.16
1810,730.18,698.44,30.92
1811,637.81,897.29,679.58
1812,127.24,650.09,512.79
1813,23.38,766.93,658.19
1814,205.55,502.56,37.05
1815,81.14,110.85,843.87
1816,917.68,258.83,677.4
1817,549.43,418.35,219.99
1818,195.81,947.86,759.73
1819,76.25,395.87,406.18
1820,519.56,989.05,255.2
1821,619.93,347.12,569.65
1822,666.03,311.41,213.32
1823,639.44,424.21,667.39
1824,375.04,684.58,315.32
1825,194.24,907.91,961.62
1826,9.09,20.73,24
1827,92.76,184.91,842.89
1828,823.16,579.98,527.79
1829,547.45,365.06,934.78
1830,727.91,453.48,306.24
1831,65.57,791.98,995.74
1832,240.78,751.32,495.77
1833,902.72,116.6,22.38
1834,28.9,198.18,264.79
1835,554.62,833.3,25.78
1836,988.46,740.16,778.51
1837,35.35,277.6,271.96
1838,742.5,798.74,633.47
1839,831.25,799.57,105.63
1840,365.54,50.56,513.76
1841,410.27,521.51,276.14
1842,993.8,926.72,113.92
1843,265.96,447.67,774.36
1844,177.07,48.53,902.98
1845,612.85,655.44,249.09
1846,934.8,680.39,487.86
1847,671.32,500.75,240.66
1848,90.09,887.4,473.81
1849,943.7,641.48,186.62
1850,200.04,664.79,85.08
1851,660.21,97.22,118.58
1852,99.82,360.67,504.4
1853,436.69,750.69,83.8
1854,553.11,657.63,737.08
1855,235.93,397.54,1.63
1856,330.47,171.7,609.07
1857,779.27,189.55,765.86
1858,727.5,841.41,18.6
1859,188.5,931.5,111.52
1860,643.15,972.28,986.83
1861,821.9,920.36,303.74
1862,476.73,862.23,103.35
1863,34.57,701.91,929.39
1864,1.59,46.56,181.9
1865,910.78,31.68,768.53
1866,572.86,748.5,125.73
1867,994.93,787.41,947.58
1868,729.62,488.75,469.31
1869,373.44,565.25,916.63
1870,91.8,760.2,104.02
1871,828.56,711.75,445.76
1872,687.29,549.99,156.41
1873,330.78,913.13,233.24
1874,647.22,366.77,538.06
1875,299.94,366.13,164.56
1876,884.29,920.8,42.48
1877,931.34,946.31,148.79
1878,799.94,952,662.1
1879,104.95,84.87,931.19
1880,573.58,3.22,237.83
1881,497.3,476.6,736.27
1882,274.21,193.64,300.77
1883,751.83,470.98,174.19
1884,807.33,813.34,698.9
1885,130.52,16.52,978.04
1886,173.97,594.96,868.81
1887,595.87,574.63,45.67
1888,786.74,492.32,476.74
1889,490.93,521.58,613.46
1890,165.7,878.48,55.08
1891,520.23,555.32,544.41
1892,597.29,149.17,366.65
1893,705.42,816.35,385.05
1894,457.69,59.87,891.87
1895,486.77,261.83,332.11
1896,831.1,70.2,137.83
1897,403.88,85.06,578.6
1898,846.99,656.28,546.07
1899,470.8,368.63,819.23
1900,369.86,407.54,668.24
1901,752.75,273.79,805.78
1902,794.27,96.26,190.96
1903,225.54,700.1,416.56
1904,622.96,361.43,791.76
1905,120.21,443.88,341.3
1906,597.51,126.44,399.03
1907,482.34,274.61,419.73
1908,454.44,575.99,392.89
1909,4.13,22.28,702.82
1910,343.57,516.31,79.21
1911,700.63,535.01,779.32
1912,611.81,110.61,802.1
1913,779.34,301.41,460.29
1914,515.24,314.24,217.8
1915,163.34,78.43,819.91
1916,333.49,726.89,875.54
1917,907.97,568.2,125.01
1918,954,689.15,249.35
1919,497.85,166.92,761.37
1920,811.25,901.38,14.94
1921,944.94,585.01,164.4
1922,830.22,996.19,502.37
1923,308.55,760.46,720.68
1924,990.98,286.15,772.82
1925,111.31,176.31,895.11
1926,147.54,70.3,330.08
1927,964.59,395.34,591.52
1928,432.55,827.78,444.77
1929,232.79,499.7,863.29
1930,940.8,223.88,405.11
1931,573.77,897.52,968.59
1932,177.26,769.41,205.34
1933,994.33,512.62,581.82
1934,560.95,169.94,60.54
1935,468.69,808.76,932.05
1936,706.35,659.43,790.67
1937,41.56,466.87,464.49
1938,972.36,265.57,14.75
1939,463.71,488.77,726.7
1940,214.5,135.68,141.46
1941,593.47,834.65,335.51
1942,831.77,788.97,416.46
1943,326.14,208.66,491.04
1944,203.35,100.28,841.19
1945,968.25,33.34,196.27
1946,31.26,600.47,964.76
1947,252.17,219.18,308.39
1948,748.35,539.28,781.64
1949,138.96,782.41,199.85
1950,781.05,950.18,910.28
1951,624.58,246.84,325.11
1952,265.85,991.07,690.68
1953,976.41,177.55,262.18
1954,991.01,900.23,827.29
1955,117.83,367.65,776.33
1956,475.31,16.82,704.59
1957,906.7,94.72,726.22
1958,395.57,526.2,637.2
1959,873.64,631.95,880.71
1960,1.78,26.47,331.93
1961,114.45,306.54,861.66
1962,310.48,190.97,998.73
1963,906.23,345.45,642.6
1964,986.52,304.18,656.03
1965,45.7,553.81,760.78
1966,982.09,856.9,144.66
1967,643.09,999.33,946.55
1968,752.03,793.04,536.98
1969,235.07,749.56,633.81
1970,593.69,330.64,175.99
1971,873.76,255.51,262.01
1972,432.9,380.2,114.93
1973,127.04,432.73,19.52
1974,22.57,625.89,747.68
1975,56.32,964.64,701.09
1976,507.67,439.39,224.74
1977,520.15,997.69,31.66
1978,250.78,708.82,735.37
1979,766,697.21,926.82
1980,912.46,859.41,160.72
1981,279.56,690.28,601.29
1982,760.09,353.75,641.07
1983,863.29,34.25,824.33
1984,222.4,171.66,430.01
1985,656.52,832.29,390.83
1986,742.77,140.96,955.6
1987,158.14,264.71,655.63
1988,119.3,415.93,719.23
1989,791.63,527.88,536.97
1990,847.01,338.86,699.19
1991,257.26,739.86,111.32
1992,53.47,955.44,421.28
1993,791.89,759.84,60.35
1994,195.73,259.72,594.62
1995,755.65,540.89,886.63
1996,557.34,117.45,124.94
1997,385.14,667.08,821.8
1998,83.42,474.53,953.93
1999,333.81,561.7,825.75
2000,562.87,700.16,860.65
2001,406.14,393.71,511.07
2002,541.75,787.17,908.69
2003,206.09,295.25,73.43
2004,294.23,456.07,732
2005,58.75,228.88,974.99
2006,358.82,912.77,989.2
2007,189.46,821.19,257.66
2008,691.61,733.36,983.14
2009,373.36,931.27,596.51
2010,481.85,45.7,895.47
2011,315.98,132.35,932.01
2012,854.35,995.82,558.04
2013,777.76,542.93,971.99
2014,755.28,458.64,29.25
2015,502.14,593.52,732.93
2016,488.83,825.06,605.19
2017,569.42,115.49,831.52
2018,990.92,644.21,843.47
2019,408.26,416.94,396.54
2020,453.97,443.09,159.41
2021,532.58,14.66,684.17
2022,485.92,323.95,694.3
2023,914.5,853.76,845.34
2024,909.39,278.83,382.86
2025,300.86,641.3,831.8
2026,319.79,111.27,272.8
2027,520.59,121.9,378.06
2028,677.77,670,137.8
2029,937.18,142.87,730.04
2030,372.39,200.37,814.75
2031,717.86,338.34,421.63
2032,261.09,309.53,125.33
2033,933.56,301.26,426.32
2034,482.72,450.84,421.22
2035,455.45,780.06,246.99
2036,343.9,104.01,803.39
2037,283.4,17.52,458.12
2038,186.32,588.27,674.95
2039,72.14,268.4,183.13
2040,980.28,495.33,385.65
2041,599.74,781.39,839.87
2042,483.51,699.96,604.53
2043,451.26,804.34,170.46
2044,716.31,582.65,419.94
2045,99.37,408.35,752.89
2046,773.19,341.24,765.43
2047,435.18,108.46,749.15
2048,229.17,323.07,294.09
2049,573.68,172.09,842.89
2050,674.82,101.95,784.84
2051,332.99,552.11,585.44
2052,313.92,952.53,447.32
2053,987.9,998.12,554.86
2054,393.95,799.98,981.54
2055,437.48,429.3,515.48
2056,485.62,861.29,981.83
2057,603.68,937.11,564.71
2058,778.32,319.69,192.06
2059,51.11,800.56,874.56
2060,811.1,252.2,280.41
2061,867.5,659.07,529.88
2062,575.06,940.98,980.85
2063,610.06,471.63,387.52
2064,127.74,583.8,428.8
2065,102.61,651.7,749.35
2066,507.05,248.61,891.07
2067,558.25,591.36,929.27
2068,657.59,736.95,521.73
2069,306.73,928.59,969.78
2070,885.08,952.86,293.65
2071,468.88,619.52,96.77
2072,896.35,140.1,142.44
2073,52.03,258.8,940.29
2074,51.92,364.34,312.12
2075,352.19,685.22,240.13
2076,0.51,356.63,558.63
2077,81.26,476.19,947.87
2078,117.67,152.31,725.81
2079,653.64,173.85,285.62
2080,409.81,608.8,849.91
2081,602.23,597.52,419.5
2082,447.42,779.06,714.53
2083,702.98,280.94,658.5
2084,453.97,980.31,5.96
2085,164.7,811.42,108.28
2086,485.12,470.24,668.61
2087,913.96,306.22,621.33
2088,602.29,376.44,256.05
2089,672.45,762.56,435.42
2090,62.2,283.38,625.91
2091,302.93,422.84,186.27
2092,557.41,957.3,565.64
2093,126.13,918.46,991.43
2094,931.1,361.63,879.45
2095,987.98,113.12,249.2
2096,561.42,859.22,869.58
2097,810.8,141.21,202.36
2098,850.39,582.85,180.21
2099,554.17,683.6,758.8
2100,366.83,281.88,851.89
2101,637.44,839.02,919.13
2102,965.59,703.37,676.85
2103,428.56,866.76,918.89
2104,112.11,497.55,178.28
2105,124.04,177.24,709.53
2106,298.57,438.88,135.45
2107,397.7,518.26,70.03
2108,469.05,477.42,694.27
2109,509.95,133.81,926.51
2110,64.53,187.35,797.4
2111,809.24,781.7,765.02
2112,39.53,264.09,784.08
2113,78.72,993.04,391.87
2114,98.87,951.8,460.84
2115,2.54,993.14,638.8
2116,694.45,288.24,463.57
2117,877.87,697.62,145.58
2118,57.45,242.41,859.72
2119,295.9,418.81,566.74
2120,913.89,967.72,780.21
2121,879.02,108.83,763.29
2122,487,589.24,811.56
2123,878.18,870.79,77.01
2124,503.45,943.96,92.81
2125,733.89,29,561.63
2126,181.25,498.76,841.2
2127,201.01,151.16,227.42
2128,790.52,648.47,775.44
2129,105.7,53.76,524.23
2130,908.44,378.06,912.57
2131,621.88,186.3,378.2
2132,623.66,933.72,31.2
2133,643.17,449.95,342.14
2134,882.33,24.31,643.33
2135,10.28,348.31,478.19
2136,227.21,733.66,893.58
2137,20.5,410.68,646.97
2138,6.37,7.49,337.82
2139,797.55,515.76,808.04
2140,32.89,275.06,603.52
2141,378.79,296.06,250.95
2142,186.31,851.65,87.5
2143,88.97,86.55,902.16
2144,878.5,776.79,820.25
2145,563.59,900.99,427.34
2146,123.78,297.61,755.77
2147,79.81,356.94,79.06
2148,604.76,219.16,592.8
2149,735.02,938.08,842
2150,641.46,955.97,39.96
2151,988.29,498.82,154.18
2152,674.94,61.82,354.54
2153,212.3,609.52,93.03
2154,392.22,983.35,78.72
2155,17.13,584.19,414.83
2156,12.86,70.09,801
2157,645.47,793.69,129.98
2158,287.1,750.73,636.13
2159,521.09,169.13,813.25
2160,173.73,406.4,387.83
2161,122.46,767.19,516.24
2162,465.34,540.95,897.17
2163,593.93,465.72,437.05
2164,327.96,867.41,543.36
2165,745.78,708.02,628.31
2166,836.12,254.72,524.52
2167,703.8,105.73,982.25
2168,476.24,367.94,267.47
2169,244.24,805.9,147.9
2170,727.78,346.13,444.26
2171,998.22,370.86,32.32
2172,977.63,990.66,522.66
2173,485.7,451.11,447.43
2174,238.12,794.97,167.19
2175,913.73,858.54,371.32
2176,64.57,152.73,141.71
2177,991.45,667.69,746.38
2178,666.52,285.79,851.44
2179,421.16,642.6,286.68
2180,813.66,187.57,878.69
2181,994.67,996.94,752.54
2182,536.95,505.02,471.15
2183,455.9,368.2,768.14
2184,840.58,443.08,17.65
2185,989.43,139.06,361.96
2186,667.36,760.75,100.54
2187,214.14,367.18,538.94
2188,803.98,167.66,635.26
2189,878.11,600.3,397.44
2190,233.28,983.74,1.2
2191,408.42,168.08,49.92
2192,321.66,321.79,895.9
2193,2.94,541.87,613
2194,318.57,987.58,527.23
2195,283.88,832.61,208.83
2196,561.24,677.8,208.87
2197,638.27,860.27,893.06
2198,998.27,530.69,282.79
2199,620.41,728.39,152.13
2200,558.36,833.13,256.11
2201,744.64,567.04,307.46
2202,883.78,904.35,5.52
2203,380.91,853.06,521.89
2204,496.68,548.11,390.15
2205,734.77,441.14,883.12
2206,286.06,0.13,874.48
2207,62.88,686.09,322.41
2208,971.34,484.4,12.01
2209,136.86,463.27,83
2210,982.44,675.8,876.36
2211,479.03,772.05,243.54
2212,150.5,786.79,475.52
2213,33.09,322.33,975.27
2214,451.35,259.5,42.95
2215,516.01,205.58,541.13
2216,389.94,698.26,462.02
2217,601.79,111.5,826.9
2218,116.12,74.9,548.06
2219,521.99,386.45,917.75
2220,368.06,291.08,836.87
2221,230.61,147.03,146.88
2222,178.56,517.83,763.37
2223,747.64,155.02,367.33
2224,25.18,558.7,938.12
2225,757.69,404.45,652.51
2226,976.56,110.81,957.55
2227,472.82,797.47,127.91
2228,163.18,148.66,506.35
2229,282.45,655.62,942.7
2230,575.92,58.92,742.94
2231,671.57,360.92,199.45
2232,583.98,585.32,785.49
2233,744.63,892.33,702.09
2234,196.77,405.99,878.47
2235,398.16,337.76,99.22
2236,247.81,92.98,859.46
2237,645.18,714.95,631.19
2238,65.23,515.13,302.77
2239,461.07,716,356.43
2240,811.76,445.8,684.49
2241,658.57,771.08,389.14
2242,837.88,597,183.69
2243,80.79,812.46,178.75
2244,509.26,336.66,708.75
2245,599.87,50.62,808.21
2246,190.36,355.43,757.56
2247,176.87,512.99,506.08
2248,177.82,601.56,420.26
2249,604.44,762.35,566.53
2250,12.02,267.69,979.51
2251,614.61,596.1,820.73
2252,445.54,24.09,226.6
2253,568.35,951.36,170.14
2254,501.87,188.94,107.89
2255,82.85,214,959.86
2256,696.87,46.91,250.51
2257,200.53,64.73,804.7
2258,33.59,131.13,109.93
2259,569.18,215.77,829.88
2260,182.34,159.9,622.99
2261,840.23,801.72,329.16
2262,366.5,659.52,147.61
2263,660.24,320.75,139.25
2264,610.53,567.58,31.12
2265,519.46,356.68,981.01
2266,819.36,860.98,679.27
2267,827.04,869.55,433.53
2268,247.45,128.53,747.05
2269,939.23,799.82,92.54
2270,231.99,591.43,144.59
2271,877.41,383.56,377.26
2272,146.25,81.27,557.12
2273,723.56,153.1,378.33
2274,652.14,86.09,138.26
2275,496.39,144.99,924.05
2276,344.63,508.9,225.32
2277,382.05,748.5,39.5
2278,704.04,812.56,80.78
2279,548.99,660.76,343.23
2280,532.17,78.25,786.66
2281,450.22,326.71,722.27
2282,74.91,273.76,659.47
2283,425.4,156.87,724.05
2284,37.93,4.75,663.02
2285,347.61,238.33,284.19
2286,638.96,997.49,255.36
2287,422.36,195.3,106.91
2288,936.29,112.63,589.65
2289,512.2,861.3,345.5
2290,893.88,879.1,724.54
2291,397.06,734.55,474.73
2292,390.16,846.42,394.75
2293,234.97,243.45,139.37
2294,972.98,332.86,902.8
2295,339.94,543.28,310.37
2296,416.49,84.57,37.76
2297,906.22,712.72,616.38
2298,867.98,848.76,746.31
2299,194.9,140.82,822.96
2300,599.39,396.82,181.8
2301,8.79,241.06,723.54
2302,584.46,576.1,882.26
2303,556.6,560.31,30.92
2304,943.69,829.2,694.48
2305,945.6,609.88,606.6
2306,259.69,801.43,921.49
2307,952.76,887.22,250.62
2308,214.32,288.41,937.47
2309,906.56,42.28,897.72
2310,393.31,408.19,857.28
2311,564.3,359.86,924.02
2312,668.66,964.77,199.01
2313,93.16,258.24,382.48
2314,839.88,204.32,576.02
2315,741.09,592.67,232.66
2316,832.49,108.12,840.2
2317,168.47,753.06,141.57
2318,519.14,681.56,616.74
2319,186.76,184.62,106.77
2320,643.33,511.8,503.52
2321,296.87,723.19,303.59
2322,907.64,221.23,591.37
2323,944.09,174.28,200.12
2324,433.76,6.04,371.51
2325,357.72,124.56,859.9
2326,116.29,702.44,318.31
2327,645.26,402.23,65.63
2328,171.37,737.12,966.51
2329,985.33,793.11,880.41
2330,142.73,619.14,700.74
2331,102.6,516.99,64.12
2332,148.19,738.21,23.33
2333,447.18,788.8,233.93
2334,370.25,812.56,166.3
2335,522.84,243.85,800.59
2336,36.43,616.08,692.33
2337,356.87,403.29,131.85
2338,505.71,566.6,688.19
2339,812.08,651.53,583.18
2340,569.92,599.08,17.99
2341,345.58,805.83,767.2
2342,191.01,377.51,134.55
2343,668.92,812.08,997.21
2344,204.35,536.95,541.73
2345,153.08,920.32,772.7
2346,547.77,309.92,598.36
2347,418.81,54.41,460.47
2348,91.44,451.53,923.26
2349,776.94,77.01,615.51
2350,879.72,381.11,982.68
2351,237.32,809.14,138.18
2352,725.53,24.83,708.93
2353,966.26,315.39,660.43
2354,9.01,544.37,535.25
2355,540.06,311.56,587.3
2356,544.26,352.34,117.45
2357,564.91,678.75,846.39
2358,749.38,399.54,960.05
2359,954.65,364.87,445.77
2360,588.63,494.39,765.54
2361,527.63,697.61,875.43
2362,627.4,734.49,277.32
2363,747.3,238.58,214.77
2364,736.23,965.39,743.01
2365,778.99,411.47,772.47
2366,417.23,238.18,663.09
2367,699.1,3.45,501.27
2368,122.58,945.2,835.62
2369,19.7,862.89,548.16
2370,714.83,790.69,828.14
2371,891.14,451.87,151.69
2372,453.32,410.17,411.79
2373,13.42,327.34,288.14
2374,169.82,702.01,707.96
2375,884.93,523.39,600.88
2376,840.89,124.61,324.77
2377,580.48,51.26,647.39
2378,974.87,874.18,276
2379,870.67,577.86,459.49
2380,250.7,982.71,208.76
2381,331.58,708.7,280.96
2382,349.17,174.87,17.49
2383,468.6,549.13,454.59
2384,451.09,504.01,214.2
2385,762.73,852.77,836.04
2386,809.33,809.83,264.21
2387,298.06,66.98,366.91
2388,925.06,237.37,166.45
2389,697.16,265.39,558.73
2390,195.76,826.93,419.27
2391,322.09,148.82,724.23
2392,171.03,806.76,115.94
2393,865.51,474.79,208.02
2394,404.1,67.94,566.13
2395,386.88,792.73,377.87
2396,724.18,845.37,233.77
2397,11.39,10.51,16.37
2398,558.44,398.52,980.33
2399,939.14,22.31,687.58
2400,396.86,141.29,552.75
2401,555.77,363.93,579.16
2402,834.3,812.36,573.85
2403,221.58,186,346.48
2404,869.83,463.39,906.83
2405,446.93,369.13,210.78
2406,133.02,143.17,869.39
2407,408.78,83.61,650.29
2408,230.31,947.46,199.93
2409,765.37,140.85,466.75
2410,588.15,169.16,387.85
2411,762.76,993.23,611.74
2412,240.72,183.42,396.39
2413,254.49,34.6,526.74
2414,62.02,571.75,281.4
2415,206.44,861.43,49.67
2416,187.92,216.87,346.97
2417,317.98,781.91,325.26
2418,619.43,167.18,587.41
2419,741.91,178.12,641.62
2420,408.82,700.72,12.38
2421,672.27,3.67,590.58
2422,463.07,888.48,945.59
2423,731.12,205.4,714.38
2424,60.69,110.19,165.73
2425,868.28,89.37,915.73
2426,233.51,121.1,446.34
2427,830.23,336.29,232.14
2428,607.35,337.72,52.41
2429,822.27,271.34,129.11
2430,244.36,882.73,917.75
2431,242.47,320.26,4.55
2432,794.46,173.86,21
2433,406.17,984.41,245.16
2434,249.32,612.74,296.13
2435,935.37,382.87,543.86
2436,336.75,523.5,657.27
2437,862.37,832.26,595.96
2438,374.78,271.09,773.79
2439,185.02,780.02,328.44
2440,438.54,902.7,578.01
2441,417.48,539.63,965.15
2442,822.04,506.85,966.02
2443,442.63,441.1,983.63
2444,295.75,938.4,817.38
2445,572.28,60.09,235.02
2446,626.69,181.74,713.45
2447,191.05,667.27,537.78
2448,182.98,203.41,466.84
2449,900.48,172.1,340.65
2450,884.58,905.74,154.38
2451,646.32,232.53,454.72
2452,801.15,517.62,22.88
2453,62.39,668.29,651.38
2454,76.82,584.35,281.64
2455,703.77,622.1,638.98
2456,85.96,468.68,203.49
2457,216.69,76.53,788.79
2458,897.05,855.16,979.29
2459,101.89,15.66,469.91
2460,692.25,740.25,125.45
2461,778.11,220.24,378.13
2462,632.94,629.25,869.34
2463,70.79,780.9,111.71
2464,709.27,284.01,25.46
2465,40.67,567.15,55.74
2466,34.2,717.02,521.4
2467,752.45,477.67,384.42
2468,451.74,644.98,826.84
2469,414.71,123.35,620.75
2470,565.17,783.71,426.75
2471,63.38,697.32,620.43
2472,104.96,830.48,835.64
2473,720.85,609.2,659.42
2474,562.15,211.18,542.14
2475,106.8,297.5,741.02
2476,158.22,553.45,5.23
2477,658.89,939.65,470.27
2478,279.96,933.3,41.82
2479,951.24,411.05,408.95
2480,127.34,192.32,716.61
2481,814.29,367.4,678.3
2482,774.88,26.12,314.88
2483,362.83,544.04,349.48
2484,409.45,234.1,301.22
2485,369.15,343.08,744.58
2486,911.76,570.19,305.06
2487,168.32,127.89,564.83
2488,630.17,498.03,739.42
2489,368.36,561.05,508.53
2490,923.39,942.67,906.61
2491,381.9,976.43,561.65
2492,528.24,635,896.49
2493,808,16.68,155.48
2494,280.01,965.42,156.17
2495,479.19,451.68,294.99
2496,260.44,923.79,359.61
2497,869.97,472.75,545.94
2498,495.07,732.29,891.92
2499,973.48,793.83,101.89
2500,370.06,46.46,116.22
2501,991.08,633.13,349.89
2502,248.9,120.05,841.67
2503,932.76,141.67,931.73
2504,792.13,985.46,310.59
2505,734.61,851.54,48.15
2506,964.68,429.54,338.4
2507,491.89,747.21,277.82
2508,197.63,699.11,890.31
2509,326.91,454.16,655.47
2510,235.52,615.63,789.04
2511,231.15,524.07,645.71
2512,830.37,319.61,861.66
2513,62.91,572.62,301.46
2514,549.12,837.25,945.56
2515,679.28,459.21,311.92
2516,343.39,412.55,15.63
2517,626.29,532.17,528.55
2518,56.97,487.21,462.67
2519,214.48,700.52,458.62
2520,221.29,970.6,482.43
2521,19.63,647.03,682.51
2522,806.29,285.64,233.32
2523,752.76,204.29,896.95
2524,355.6,903.56,793.17
2525,988.61,564.19,264.75
2526,608.56,926.69,774.89
2527,955.27,525.36,935.8
2528,108.65,902.26,739.08
2529,812,178.19,701.97
2530,855.22,702.68,456.31
2531,986.38,443.19,178.8
2532,929,818.23,909.08
2533,865.94,339.05,396.55
2534,614.5,617.86,678.09
2535,478.91,134.89,128.07
2536,798.6,800.3,84.08
2537,30.39,102.22,730.66
2538,729.61,268.94,947.11
2539,529.55,524.27,289.36
2540,425.94,731.54,439.36
2541,511.11,126.46,646.14
2542,241.48,718,921.78
2543,760.73,526.16,89.91
2544,759.71,922.48,705.34
2545,67.75,491.93,64.61
2546,207.51,844.03,849.04
2547,508.48,461.29,96.41
2548,9.53,714.92,339.27
2549,875.29,396.25,528.14
2550,895.76,622.74,384.38
2551,370.1,694.14,61.62
2552,613.2,327.36,129.79
2553,300.89,364.74,650.43
2554,331.5,259.25,673.77
2555,932.38,752.25,1.99
2556,279.99,833.16,59.59
2557,895.25,769.31,241.42
2558,38.42,654.96,527.6
2559,123.2,429.4,682.56
2560,351.2,976.39,134.16
2561,12.11,438.26,670.58
2562,744.46,126.22,15.25
2563,826.6,806.32,237.23
2564,282.43,927.41,222.52
2565,216.77,216.45,760.03
2566,274.3,280.17,492.19
2567,147.56,430.15,527.17
2568,422.27,164.02,343.6
2569,10.81,183.84,118.59
2570,943.84,302.98,401.32
2571,567.54,557.54,833.83
2572,522.4,311.16,438.55
2573,229.41,166.21,364.01
2574,217.72,657.17,559.2
2575,735.17,561.35,203.34
2576,670.21,235.76,249.22
2577,117.55,240.71,90.85
2578,390.06,897.58,650.25
2579,747.25,938.45,919.76
2580,587.47,73.54,343.81
2581,831.81,298.33,152.43
2582,630.51,115.43,230.49
2583,369.27,662.04,376.96
2584,371.93,6.92,846.72
2585,191.12,690.92,910.98
2586,72.19,673.66,446.52
2587,16.76,644.99,817.52
2588,846.55,939.85,879.89
2589,19.2,498.73,459.54
2590,382.25,481.4,603.62
2591,584.25,768.19,582.67
2592,731.72,691.37,610.37
2593,15.46,831,304.41
2594,706.85,629.16,113.19
2595,604.51,423.35,963.63
2596,89.57,7.02,616.46
2597,56.92,71.24,281.59
2598,621.96,182.07,17.41
2599,488.27,641.66,972.66
2600,808.63,998.51,774.65
2601,883.42,341.23,848.58
2602,642.97,888.55,360.46
2603,704.18,566.6,518.55
2604,57.17,733.85,184.66
2605,217.63,987.84,477.89
2606,687.3,823.21,639.09
2607,181.75,507.39,484.9
2608,531.88,785.64,905.12
2609,231.47,65.53,825.5
2610,138.51,601.51,173.28
2611,934.04,270.57,706.02
2612,948.73,57.45,945.09
2613,510.65,549.17,383.48
2614,776.32,712.98,32.72
2615,834.77,859.27,179.68
2616,338.47,574.21,319.39
2617,240.94,776.17,954.63
2618,221.16,390.59,318.74
2619,742.04,185.27,589.67
2620,451.26,533.62,501.45
2621,56.78,326.78,536.99
2622,48.03,576.42,956.96
2623,567.08,137.9,705.88
2624,745.22,416.82,74.39
2625,319.99,330.77,644.93
2626,865.11,491.52,467.38
2627,750.69,2.47,140.5
2628,593.28,787.67,998.51
2629,425.81,756.3,655.52
2630,308.38,762.1,414.73
2631,137.19,763.32,901.5
2632,887.56,873.01,670.28
2633,821.91,869.48,162.28
2634,129.87,37.52,711.45
2635,968.57,959.72,657.27
2636,120.77,587.11,0.4
2637,468.06,69.06,213.75
2638,482.12,819.65,792.39
2639,499.49,697.54,339.45
2640,519.34,205.61,720.69
2641,495.01,946.9,793.98
2642,879.18,626.42,233.78
2643,303.64,114.41,79.58
2644,235.48,968.67,514.71
2645,270.04,167.57,797.43
2646,601.09,492.06,48.87
2647,520.62,701.51,71.39
2648,652.17,901.06,932.96
2649,901.02,624.9,298.85
2650,658.44,987.92,222.29
2651,468.11,929.74,680.68
2652,478.22,108.96,83.93
2653,951.26,719.98,731.96
2654,378.76,790.14,23.78
2655,987.62,34.34,954.64
2656,119.76,471.16,245.41
2657,897.63,617.17,367.55
2658,118.36,864.95,405.97
2659,112.07,858.02,106.56
2660,221.87,935.02,485.83
2661,803.48,863.95,213.82
2662,256.8,601.86,129.81
2663,979.28,873.46,667.06
2664,337.2,126.21,70.47
2665,807.94,117.51,507.62
2666,503.55,24.62,783.38
2667,858.62,75.48,662.36
2668,745.95,107.7,204.03
2669,775.85,760.82,520.74
2670,29.48,833.79,550.23
2671,734.24,416.75,637.55
2672,686.49,489.66,810.01
2673,8.25,268.46,955.73
2674,481.24,704.25,101.32
2675,480.64,626.75,878.58
2676,707.85,521.55,155.19
2677,376.22,611.03,265.33
2678,601.96,519.95,114.03
2679,247.25,34.6,717.69
2680,485.93,383.34,262.67
2681,563.52,883.39,624.29
2682,937.77,253.8,420.1
2683,679.98,549.65,919.37
2684,76.2,568.08,432.62
2685,603.04,290.68,528.38
2686,92.63,388.87,878.89
2687,539.56,317.63,590.69
2688,413.9,682.49,37.05
2689,416.96,256.97,272.07
2690,157.86,25.38,888.21
2691,643.08,634.8,652
2692,844.49,945.07,109.74
2693,70.86,726.76,230.86
2694,78.82,704.25,823.91
2695,854.36,314.04,937.69
2696,618.07,34.2,39.28
2697,770.14,36.78,468.41
2698,281.24,729.41,692.42
2699,875.78,445.8,934.17
2700,663.64,850.69,657.94
2701,804.62,526.75,577.11
2702,487,216.74,45.81
2703,79.36,382.76,426.99
2704,409.02,510.91,914.63
2705,515.26,692.88,643.1
2706,280.27,650.52,924.78
2707,848.51,888.57,221.11
2708,259.6,569.72,146.19
2709,158.63,123.82,442.78
2710,946.61,526.97,992.26
2711,882.42,331.55,105
2712,428.06,777.5,789.46
2713,397.84,342.57,381.48
2714,339.82,454.12,374.9
2715,499.04,296.35,54.71
2716,969.61,678.37,331.04
2717,427.52,88.22,527.86
2718,562.72,20.88,627.72
2719,634.51,111.03,302.35
2720,584.98,133.1,628.94
2721,866.23,287.66,892.82
2722,787.86,439.22,557.99
2723,785.88,423.11,868.35
2724,334.63,916.22,838.58
2725,185.29,492.86,49.17
2726,439.78,643.19,848.87
2727,78.32,639.99,127.35
2728,474.46,494.78,544.21
2729,423.35,736.22,920.71
2730,759.31,225.8,6.93
2731,518.39,438.4,109.55
2732,543.13,223.42,507.28
2733,700.68,45.15,294.21
2734,747.5,586.77,660.07
2735,2.35,116.71,849.48
2736,33.02,88.05,6.75
2737,414.8,3.7,887.61
2738,35.16,126.78,464.16
2739,272.51,67.15,850.3
2740,5.46,100.82,894.88
2741,463.77,688.57,550.15
2742,158.05,413.48,668.55
2743,763.08,147.9,237.13
2744,888.13,520.2,261.5
2745,311.01,56.97,769.08
2746,588.42,451.4,287.22
2747,578.32,546.56,488.86
2748,890.05,484.21,418.37
2749,998.11,128.63,789.8
2750,582.4,35.2,566.37
2751,348.8,571.72,70.24
2752,981.01,841.94,649.38
2753,629.52,388.99,292.33
2754,634.02,801.87,311.72
2755,265.24,54.48,183.38
2756,408.05,378.39,89.73
2757,750.8,505.23,56.49
2758,245.15,935.02,363.08
2759,948.01,254.95,995
2760,515.29,798.02,931.27
2761,985.77,556.1,992.19
2762,852.78,116.64,173.01
2763,599.29,481.88,829.91
2764,156.96,468.44,8.78
2765,811.11,340.84,388.21
2766,435.67,364.44,79.93
2767,65.67,381.31,471.71
2768,63.44,331.56,655.93
2769,784.99,202.67,205.91
2770,724.28,564.82,609.17
2771,691.18,766.7,688.08
2772,956.31,54.13,754.73
2773,128.16,568.28,197.35
2774,958.55,323.6,393.46
2775,942.16,730.7,141.31
2776,580.6,983.43,180.06
2777,769.74,613.6,938.22
2778,117.32,160.5,195.74
2779,485.77,358.62,364.29
2780,736.07,139.59,698.8
2781,61.1,585.72,302.74
2782,941.05,233.61,194.83
2783,650.55,790.32,278.27
2784,265.24,867.07,843.46
2785,420.9,739.19,53.62
2786,812.73,600.24,438.54
2787,769.12,714.4,506.92
2788,255.6,599.78,166.62
2789,483.04,807.69,872.29
2790,372.58,524.74,689.29
2791,610.85,741,977.27
2792,241.16,525.45,708.04
2793,548.01,984.12,363.15
2794,983.87,544.56,364.9
2795,823.52,855.01,661.29
2796,994.09,87.14,732.59
2797,443.61,492.42,239.45
2798,693.94,425.23,845.24
2799,920.84,75.98,906.06
2800,881.08,334.88,943.1
2801,369.81,412.7,297.17
2802,552.51,539.58,401.96
2803,742.42,918.02,937.15
2804,664.75,964.6,2.65
2805,379.93,15.57,801.69
2806,976,80.68,830.16
2807,312.55,113.52,532.58
2808,861.01,705.63,608.74
2809,459.33,549.63,94.19
2810,700.67,403.77,341.96
2811,539.5,884.61,7.21
2812,413.54,62.64,641.05
2813,789.95,980.2,165.7
2814,948.61,249.76,224.83
2815,961,608.73,848.16
2816,666.61,627.24,20.94
2817,80,682.51,497.44
2818,248.41,237.79,451.64
2819,437.05,139.44,156.95
2820,867.91,977.47,270.86
2821,134.51,212.41,75.91
2822,396.79,605.1,174.6
2823,555.35,298.21,212.63
2824,797.99,690.09,738.51
2825,606.34,337.84,390.72
2826,558.48,505.98,243.66
2827,326.45,187.62,836.32
2828,809.66,875.48,241.5
2829,739.67,165.04,816.73
2830,663.83,577.04,504.74
2831,347.29,159.84,262.11
2832,408.32,139.2,739.14
2833,802.26,905.69,536.77
2834,88.85,311.12,888.38
2835,297.04,65.04,33.22
2836,68.17,704.17,61.47
2837,24.25,546.57,255.91
2838,697.04,523.71,977.5
2839,992.35,415.31,916.69
2840,886.3,567.32,168.4
2841,761.57,62.34,199.7
2842,344.02,54.31,670.47
2843,759.57,612.24,749.22
2844,219.25,511.76,918.75
2845,273.34,205.05,375.38
2846,826.48,886.34,165.27
2847,900.39,887.69,979.72
2848,45.68,425.08,335.92
2849,225.89,471.84,76.93
2850,619.46,947.13,377.05
2851,950.75,758.44,960.07
2852,321.26,616.13,963.57
2853,372.71,528.82,40.83
2854,515.86,739.81,439.97
2855,362.68,23.42,907.06
2856,52.11,198.51,654.43
2857,327.99,976.96,627.49
2858,432.64,458.02,477.96
2859,243.22,736.62,259.89
2860,790.99,530.84,111.16
2861,833.08,801.05,495.06
2862,895.21,650.75,410.2
2863,65.14,339.35,447.75
2864,987.15,708.13,275.36
2865,509.15,674.01,327.07
2866,727.33,399.54,494.39
2867,47.95,148.54,499.87
2868,330.08,924.88,422.71
2869,449.78,429.81,768.91
2870,272.92,72.87,554.64
2871,817.77,221.57,406.94
2872,275.11,468.55,869.26
2873,645.22,994.27,868.85
2874,377.5,811.24,701.25
2875,210.76,280.93,934.1
2876,318.89,903.13,528.24
2877,661.8,52.95,61.79
2878,59.09,948.97,101.07
2879,742.61,284.4,244.15
2880,618.31,875.89,473.21
2881,67.62,56.38,525.4
2882,648.82,873.66,448.82
2883,705.65,622.29,282.09
2884,940.33,405.62,625.56
2885,42.65,530.43,823.66
2886,4.15,106.87,408.61
2887,156.3,600.21,137.34
2888,548.11,322.26,834.87
2889,67.8,366.76,153.62
2890,960.47,732.64,433.23
2891,450.83,54.15,253.69
2892,588.07,799.44,313.54
2893,873.31,9.71,581.79
2894,579.66,387.8,890.17
2895,390.24,458.18,684.15
2896,117.02,944,630.47
2897,124.62,597.87,27.86
2898,198.06,625.35,413
2899,590.42,442.61,970.44
2900,858.62,974.04,697.32
2901,533.94,673.73,917.98
2902,516.61,269.53,728.86
2903,715.17,155.64,947.93
2904,123.56,349.91,62.8
2905,495.71,580.77,929.83
2906,345.29,451.19,482.9
2907,83.65,683.51,633.83
2908,328.77,363.74,419.07
2909,161.48,471.62,893.33
2910,535.65,358.91,25.95
2911,586.75,74.28,992.56
2912,827.8,406.7,408.52
2913,998.38,296.01,414.88
2914,346.65,89.75,361.88
2915,242.76,448.5,523.79
2916,563.14,805.72,316.92
2917,638.1,856.56,414.96
2918,376.79,928.88,782.48
2919,660.57,371.84,475.32
2920,756.36,43.03,200.4
2921,152.43,254.26,158.97
2922,774.12,633.72,662.84
2923,60.88,396.66,726.23
2924,475.11,832.93,738.22
2925,732.72,129.48,632.57
2926,848.68,972.71,729.7
2927,565.27,613.42,172.73
2928,125.09,792.06,403.03
2929,990.19,761.88,369.26
2930,495.87,964.39,523.22
2931,824.51,354.71,55.3
2932,301.59,179.38,154.99
2933,10.01,455.92,50.38
2934,82.2,678.26,458.89
2935,294.07,309.89,635.24
2936,246.88,548.72,761.46
2937,430.14,976.32,637.56
2938,177,84.29,116.99
2939,810.35,377.51,284.36
2940,38.3,217.08,191.58
2941,392.31,198.67,958.56
2942,718.99,550.36,680.5
2943,15.56,640.51,640.73
2944,376.34,0.58,614.01
2945,552.7,560.02,545.11
2946,17.18,482.27,279.89
2947,776.24,283.4,406.84
2948,317.39,298.53,756.63
2949,900.45,825.53,806.31
2950,950.73,180.24,284.07
2951,772.53,346.89,402.59
2952,904.84,836.44,26.79
2953,804.22,748.49,83.12
2954,521.62,509.68,295.87
2955,637.73,863.87,782.04
2956,341.15,43.06,638.03
2957,461.5,482.42,600.81
2958,632.38,647,88.04
2959,778.5,590.31,900.55
2960,389.71,726.48,229.15
2961,446.23,692.13,393.99
2962,272.35,12.05,707.25
2963,96.81,13.31,917.01
2964,179.29,38.55,357.86
2965,721.65,679.44,349.15
2966,590.52,979.97,111.03
2967,109.04,497.73,257.95
2968,837.25,48.09,76.81
2969,844.45,150.22,212.68
2970,29.86,603.23,324.14
2971,398.61,170.42,52.63
2972,24.04,317.26,608.82
2973,805.36,706,420.79
2974,797.75,703.06,965.7
2975,180.65,804.53,201.86
2976,965.26,607.68,471.74
2977,640.69,633.63,912.57
2978,574.5,238.39,649.59
2979,437.89,400.75,655.91
2980,476.94,791.72,914.72
2981,766.69,663.08,270.52
2982,586,983.57,630.75
2983,139.92,354.55,326.68
2984,460.52,688.68,163.44
2985,751.09,225.34,70.54
2986,681.45,891.44,60.9
2987,208.34,365.48,608.49
2988,444.74,745.51,25.1
2989,603.45,12.08,876.45
2990,114.57,675.89,802.44
2991,286.53,743.81,500.72
2992,976,915.56,251.94
2993,548.64,958.35,669.11
2994,634.61,195.93,186.94
2995,942.15,500.22,609.48
2996,571.03,459.85,910.3
2997,849.49,608.75,718.96
2998,584.15,469.15,529.61
2999,851.47,675.18,523.01
3000,491.02,398.28,461.63
